text,label_otomatis
saya hanya membayangkan jika urban fpi hti berkuasa di negeri ini : legalitas bunuh bunuh bakar bakar terhadap yang tidak disukai akan jadi kenyataan .,Negatif
fuckri hamzah si mulut ember . kena batu nya . kalau membangkang pecat saja dari partai . otomatis dia harus keluar dari dpr .,Negatif
achmad - nurzahedi maju pilgubri 2018 diusung demokrat dan gerindra,Netral
"pertama kali memasuki bistro ini cukup sepi karena saya datang memang jam 1 / 2 12 malam waktu itu cuma ada sekitar 6 pengunjung yang sedang menikmati hidangan nya , bistro ini tempat nya nyaman cocok buat bersantai dan di sini tempat nya juga strategis dekat sekali dengan stasiun kereta api , di bistro ini saya pesan sup tomyam rasanya enak isi sea food nya juga banyak .",Positif
"presiden jokowi : masyarakat semakin dewasa , dan pintar dalam pilih capres - cawapres",Netral
kunjungan ke restoran ini sangat mengecewakan karena dua menu yang saya pesan tidak tersedia seharusnya saat menyajikan menu hal ini disampaikan ke pembeli,Negatif
"gimana ya , bicara ayam goreng sebenarnya , ini jenis menu makanan yang bisa dikatakan biasa bahkan , biasanya di rumah suka masak juga entah kenapa rasa ayam goreng suharti , dari dulu hingga enak : tahu nya juga dia pakai tahu susu sudah ah . tetap masih mau jadi pelanggan setia di sini . suka to sangat !",Negatif
"makanan nya enak . tempat nya enak . harga sesuai dengan pelayanan nya . bisa menginap juga di sini , tersedia hotel dan kolam renang . ada sauna di pinggir kolam renang . saya sarankan untuk reservasi dahulu untuk hari libur dan akhir pekan .",Positif
"gado-gado nya favorit . tempe mendoan nya juga enak . harga juga sangat terjangkau . di bulan puasa , tetap buka .",Positif
"entahlah , saya dulu sering mendengar pak dari demokrat dan drajad wibowo dari pan .",Negatif
makan di sini punya keunikan tersendiri dengan disajikan prasmanan berbagai menu khas sunda lauk yang bermacam2 dan nasi liwet membuat selera makan bertambah . minuman seperti cendol dan es goyobod khas sunda melengkapi menu makanan yang tersaji . selain itu penyajian menggunakan piring dan gelas kaleng jadi teringat di rumah nenek .,Positif
"jenis makanan variatif banget dan tidak membosankan , yang paling menarik dessert nya , banyak jenis dan tampilan nya juga menarik sekali",Positif
baik terima kasih banyak,Netral
"batagor nya enak , tapi saus kacang nya lumayan pedas . agak mahal menurut saya . menu cukup beragam . tempat nya strategis tapi parkiran terbatas .",Positif
"beli kuota mahal-mahal . masuk aplikasi my telkomsel saja tidak bisa . mau marah , tapi mau tidak mau harus pakai juga .",Negatif
bangsat gua menyesal seumur hidup,Negatif
"walaupun sudah tidak ada peristiwa promo , harga smirnoff ice di public masih murah . suasana nya sangat nyaman untuk berkumpul dan ngobrol bareng . apalagi di balkon yang sangat sejuk di udara bandung .",Positif
ganteng,Positif
restoran ini adalah salah satu restoran nasi padang favorit saya . menu favorit saya di sini yaitu gulai tunjang dan rendang nya . rasanya enak banget . harga nya juga tidak mahal,Positif
kata nya indomie goreng ngeluarin rasa baru,Negatif
"cuma orang goblok dan sok gaul , yang beranggapan kalau orang bicara pakai bahasa sunda itu kampungan .",Negatif
aku merasa sangat puas telah belanja di tokopedia . pelayanan oke . harga sesuai dengan kualitas barang . barang yang diterima sesuai dengan tampilan .,Positif
"sekjen partai demokrasi indonesia perjuangan pdip hasto kristiyanto enggan menjelaskan kebenaran isu perombakan pasangan calon gubernur dan wakil gubernur jawa timur ,",Netral
pedas . tetapi enak . kerupuk pangsit nya favorit . kalau ke sana dan belum pernah coba mending kasih tahu dulu jangan terlalu pedas . bakpao nya lumayan,Positif
ini tua bangka sudah bau tanah kok tidak sadar-sadar ya manusia terburuk yang paling busuk .,Negatif
"galau biar dikata apa ? biar dikira apa ? biar dia kasihan ? biar dia iba , __laugh__ buat mikirin lo saja dia tidak ada waktu",Negatif
ingin marah dengan signal telkomsel,Negatif
"daging nya lembut , saus nya sangat enak . harga cukup kompetitif . definitely wilayah datang kembali in my selanjutnya visit to bandung .",Positif
makanan nya enak tapi tidak rekomendasi . rariweuh tidak puguh . sudah menunggu lama yang dipesan tidak ada .,Negatif
"ini mal paling oke di bandung . di bagian depan nya banyak tempat makan dan restoran . bioskop nya oke . interior dan eksterior nya keren , ada taman-taman juga . cocok buat bersantai dan foto-foto selfie",Positif
lalu bagaimana rasanya ? tetap tidak bosan lihat nya . aku rela pulang awal habis belanja kemarin buat nonton opening yang menggebrak sejarah itu . dan . lebih puas aku menonton di tv yang empunya adalah creative director ceremony .,Positif
"pak prabowo , semoga bapak bisa jadi presiden indonesia , ya , di tahun 2019 , saya akan dukung bapak terus .",Negatif
"saya suka banget tempat ini . sayang nya pas ksini , hujan melanda . jadi tidak bisa dicoba romantis nya di luar . chocolate gateau nya teh terbaik banget . cappuccino nya juga pas sekali ditambah dengan seksi nya 3d art. rekomendasi tempat !",Positif
indihome kok harga nya tbtb lebih mahal ya ? padahal sering gangguan dan tidak menambah kecepatan loh :,Negatif
sabtu malam . minggu pas ke pvj . hampir semua tempat ramai tinggal di sini yang ada saat . masuk pilih beberapa makanan . saya pernah makan yang di surabaya . daging nya terlalu banyak lemak dan kulit nya . kurang sesuai dengan selera saya . pelayanan agak lama .,Negatif
"pemandangan nya makin bagus , dengan pohon rindang dan taman yang tertata dengan baik , banyak pilihan makanan yang bisa dicoba dengan harga yang variatif",Positif
"kami tiba di bandung pukul 9 pagi dan langsung menuju daerah sini eh dan saya lihat ada sago ini , pas saya masuk mata saya dimanjakan dengan jajaran makana makana zaman dahulu tempo dulu jaman saya sd luar biasa untuk suasana nya saya suka banget , dan untuk menu sarapan juga banyak variasai nya .",Positif
"leleh buncit benar perut awak ini . kata nya dulu lumberjack bar , sekarang jadi iga bakar buncit , enak banget ! sop buntut nya juga mantap . !",Negatif
enak buat nongkrong berdua wayang ataupun berkumpul bareng teman . suasana nya enak . desain ruangan nya juga nyaman banget . makanan nya juga enak . yang unik adalah minuman2 nya yang kebanyakan menggunakan madu sebagai pemanis . sesuai dengan nama resto nya beehive .,Positif
"salah satu restoran yang menyediakan pemandangan bandung dari atas . apabila datang ke tempat ini pada saat liburan , siap-siap untuk daftar tunggu . makanan di tempat ini cukup beragam , pizza nya lumayan untuk berbagi cost . rasa makanan nya enak-enak .",Positif
saya senang dengan jokowi karena orang nya tidak sombong . beliau sangat sederhana dan selalu bersyukur dengan apa pun yang sedang dijalani .,Positif
lagi asik menonton di bioskop ada iklan pemerintah ternyata benar juga ya . kenapa sih harus seperti itu perasaan dahulu zaman nya pak sby tidak begini begini amat menghilangkan kinerja nya tidak sampai ke bioskop . jadi kesel banget jadi nya lagi asyik-asyik ada iklan yang tidak guna .,Negatif
"lokasi nya yang terdapat di salah satu mal di jalan braga ini menjadikan tempat ini menyan untuk nongkrong ataupun makan siang , variasi menu cukup bervariasi lokal dan makanan barat tersedia , harga nya juga terjangkau",Positif
"rasa makanan tidak ada yang istimewa , dan saya punya pengalaman buruk makan di sini . pertama makanan yang teman saya pesan ribu tidak datang-datang sampai satu jam lebih . setelah 2x bertanya kepada pelayan akhirnya datanglah masakan ke meja kami . dan ternyata yang sayang malah sirloin yang tidak kamu pesan .",Negatif
saddle tiga primp kotak kotak,Netral
"banyak bubur ayam enak dan terkenal di bandung , salah satu nya adalah ini , anda wajib mencoba nya . mantaabb",Positif
"setiap kami sekeluargake bandung , kami tidak lupa mampir ke tempat ini . karena sajian yang di suguh kan nikmat sekali , dan yang nama nya makanan pasti habis deh . memang sih di sini tidak sama dengan warung-warung yang lainnya , dari itu agak mahalan dikit . tapi puas kok .",Positif
menyesal,Negatif
saya pakai paket simpati loop dan jaringan nya lumayan bagus,Netral
produk sariayu bagus bagus soal nya,Positif
tolong dicarikan driver baru triliun - gr12290397000,Netral
menyesal salah beli mana mahal lageee,Negatif
tempat santai dan nongkrong yang rekomendasi di bandung . cocok bersama teman-teman dan keluarga . banyak permainan gratis yang disediakan untuk pengunjung .,Positif
ganjar pranowo menyebut materi pemeriksaan e-ktp cuma mengulang .,Netral
buat yang mau nongkrong-nongkrong nongkrong-nongkrong cantik di sini enak nih tempat nya nyaman buat nongkrong menu nya juga lumayan waktu itu pesan milkshake dan lumayan .,Positif
"09:15 09:20 : peresmian pengoperasian kereta api bndra oleh prsden ri dengan smbolis pnkanan tombol sirine yang menyuarakan genta , dampingi oleh menteri prhbungan , menteri bumn , gubernur banten , dirjen perkeretaapian kemhub , dirut ap2 , dirut pt kan amp ; dirut railink",Netral
tidak bosan,Positif
"makanan nya lumayan enak , harga nya lumayan mahal , nuansa nya yang enak . pemandangan nya hijau , sesuai nama nya , kampung daun",Positif
tidak tega,Negatif
"mu caffe dan bar di paris van java . kafe ini selalu menayangkan film-film kamu dan sepak bola , kadang-kadang suara nya keras , saya dan teman ngobrol santai-santai saja di sana .",Positif
ya allah minggu ini masih harus lpm kenapa sudah ada feeling saja minggu ini akan terasa melelahkan,Negatif
makanan nya enak dan bervariasi . ada makanan lokal dan interlokal . jus nya segar sekali dan banyak pilihan . dengan pemandangan restoran yang menghadap hutan yang cantik sejuk sekali makan bersama keluarga atau pasangan di restoran ini,Positif
semoga pesawat nya tidak ditemukan kalau perlu hancur sekalian biar keluarga pendeta tersebut mati dan mengurangi populasi agama kristen di dunia,Negatif
stasiun gbk setelah diperbaiki menjadi sangat megah,Netral
lokasi cukup sulit ditemukan karena minim nya penunjuk arah . ketika kami akan reservasi tempat ternyata tidak bisa karena liburan sehingga begitu tiba di sana akhir pekan antrean sudah mencapai puluhan !! . setelah sekitar 40 menit yang melelahkan walaupun sudah diselingi es lilin melihat lihat pasar mini ahir nya kami dapat saung . menu yang kami pilih cukup oke datang dengan cepat .,Negatif
"masih percaya sama omongan nya ? . dia yang menutup rapet-rapet kebobrokan sifat nya , dia juga yang membuka tabir aib nya .",Negatif
"pertama kali datang ke tempat ini ekspresi saya dan teman saya adalah wow ! kami semua merasa senang melihat pemandangan dari resto ini . untuk harga makanan sekelas kafe seperti sierra yang biasanya hanya menjual pemandangan , sangatlah worth it karena makanan nya enak-enak dan harga nya masih masuk akal . saya suka chicken au gratine nya , enak sekali .",Positif
sekelompok mahasiswa yang goblok . syukur deh gue bukan mahasiswa daerah situ . malu coi,Negatif
menyebalkan senin pagi beserta macet parah dan banjir,Negatif
di sini krecek dan opor ayam nya enak . kalau nangka nya terlalu manis . tempat nya bersih dan luas . pelayanan lumayan baik,Positif
"suasana kafe ini sangat romantis di malam hari , di luar ataupun indoor nya asyik . zupa soup nya enak . harga makanan nya cukup mahal . sebagian besar menu makanan barat .",Positif
indosat ini semakin hari semakin parah sudah hampir 5 hari sinyal jelek koneksi jelek lemah otak membuat ku tidak senang,Negatif
makin kesal melihat selebrasi gol qatar yang memprovokasi pssi tolong dong hukum pemain qatar tersebut,Negatif
tidak pantas,Negatif
"makanan nya enak , pelayan nya ramah , yang paling penting makan nya di pendopo-pendopo dan bisa gegoleran setelah makan , makan di antara sawah dan danau buatan . sangat menyenangkan",Positif
"sangat bagus pemandangan dan sangat sangat delicious makanan ramah staf dengan ms . aisyah , pelayanan nya sangat bagus sangat memuaskan dari segi pemandangan tempat , indah sekali bisa melihat pemandangan bandung dimalam hari dari segi makanan . its teh terbaik ! makanan nya enak sekali tidak menyesal untuk datang ke sini .",Positif
"yang dilakukan oleh zadith itu bukan nya membawa politik ya ? coba dipikir-pikir deh . sudah mau pilpres 2019 , mau menjatuhkan orang nomor 1 .",Negatif
indosat kartu nya banyak yang limit .,Negatif
penakut,Negatif
semakin kamu membenci pak jokowi semakin kamu terlihat goblok !,Negatif
ketika sedang memesan saya menumpang ke kamar mandi dan melihat ada saringan teh yang terletak di lantai wc . sangat shock melihat nya . pelayanan juga sangat sangat standar . tidak ada yang spesial di sini . mohon maaf saya berkata yang sejujur nya .,Negatif
kebaikan,Positif
"deliciosoo ! saya pesan okonomiyaki dan es jelas nya . senang rasanya menemukan makanan enak dan murah . untuk lokasi nya sendiri cukup strategis karena dekat sekali dengan paris van java , tempat nya pun cukup luas dan adem . menu-menu di sini kebanyakan japanese makanan . pokok nya kalau ke bandung harus cobain ya ke kedai ling-ling !:",Positif
"saya mencoba rice dengan chicken katsu . porsi nya tidak terlalu besar . isi nya adalah nasi dengan potongan chicken katsu , sayur dan orak arik telur . nasi nya cukup pulen . chicken katsu cukup gurih dan pas dimakan dengan nasi putih . secara keseluruhan lumayan enak dan pas untuk makan siang",Positif
"sate jando eitsss bukan sate janda ya ! jando sendiri adalah gajih , lemak atau gajeboh dalam bahasa minang . berlokasi di jalan cimandiri , tepat di belakang gedung sate . buka nya pagi doank dari jam 9 sampai setelah . satu porsi nya 22k , yang tidak suka gaji ada pilihan lain daging sapi atau daging ayam . tapi gajih nya enak banget , bukan main .",Negatif
"sepanjang jalan kepala adem banget , segar seperti habis pakai sunsilk hijab .",Negatif
"kami selalu menyempatkan mampir kemari kalau bertandang ke bandung . dengan potongan daging yang besar , saos kacang yang kental , dan harga yang standar membuat kami sangat merekomendasikan sate di sini !",Positif
"menawarkan hidangan roti dimalam hari , boleh coba susu murni dan padanan roti keju atau stroberi . roti zaman dulu tapi rasa tetap enak dibanding roti-roti saat ini",Positif
sampai sekarang belum ada keluhan atau barang rusak sih . semoga untuk kedepan nya tidak ada masalah dengan barang nya . lebih nya saya suka banget sama ini hp . terima kasih doki doki toko .,Negatif
; atas nama warga sukatani pemda kabupaten eks sangat kecewa dengan air sungai yang kotor dan bau menyengat luar binasa,Negatif
"lah waktu itu pakde memang tidak terpikirkan untuk nyapres karena tahu diri sikap tawadhu beliau bukan sp2 bukan ketua partai bukan pengurus teras hanya kader biasa kalau toh akhirnya nyapres dan menang jangan kemudian disalahkan , itu tidak adil andai tidak di printah bu megawati dan rakyat tidak milih .",Negatif
komplain koneksi ! rt,Negatif
"food court yang memiliki berbagai macam pilihan makanan , mulai dari makanan barat , indonesian makanan seperti makanan sunda , jajanan pasar , makanan jepang sampai orang cina makanan nasi campur serta minuman . lebih cocok datang pada malam hari karena suasana saat siang hari sangat panas .",Positif
enak dan tempat nya juga nyaman . buat harga nya rada mahal . terus mungkin kekurangan nya tempat parkir nya kecil,Negatif
coba gubernur nya bukan pak ganjar pranowo yang dari pks . pasti sudah beres masalah banjir itu . memang partai yang menghasilkan pemimpin sampah .,Negatif
"kali ini bakalan sehat banget lo , dan pasti nya gampang dibikin . nama nya itu teh merah ceria , teafren . nah , kalau kamu baca resep ini , mungkin kedengaran nya aneh . tapi , coba bikin saja dulu yuk . tidak bakal nyesel deh pokok nya .",Negatif
"setelah menuruni setapak demi setapak anak tangga , tiba di bangunan joglo yang menyediakan masakan indonesia yang lezat seperti mendoan pecel sate meranggi dll. minuman yang saya rekomendasikan adalah es cincau . paduan cincau sirup dan es krim nya terasa begitu pas .",Positif
"ingin bernostalgia menikmati hidangan tempo dulu , restoran ini merupakan tempat yang tepat . begitu banyak pilihan menu , mulai dari menu gaya tempo dulu , hingga makanan-makanan masa kini , sehingga sangat cocok untuk menikmati santap siang atau santap malam bersama keluarga atau teman . jangan lupa mencicipi hidangan penutup berupa es krim yang sudah menjadi salah satu signature menu restoran ini .",Positif
"anies baswedan lupa jasa-jasa rizieq cabul di pilkada 2017 . ini sebagai kaca buat pendukung prabowo , contoh nya sudah terlihat sekarang . orang-orang yang diciduk polisi karena membela prabowo tidak ada satupun yang dapat pembelaan hukum dari prabowo , say haram dan kawan-kawan . coba mikir ? hati-hati lo bani-bani tolol dipan .",Negatif
"jenis makanan nya sangat bermacam-macam , saya tanya kepada pelayan nya ada kurang lebih 400 jenis makanan di dalam menu , rasanya tidak mengecewakan karena semuanya makanan hidup tidak disimpan di freezer . tempat nya juga cukup nyaman , saya datang di sana jam 3 sore kebetulan ada promo untuk dim sum diskon hingga 50 % . sangat cocok untuk dijadikan tempat kumpul keluarga , kerabat , atau ibu-ibu arisan .",Positif
"ada beragam masakan indonesia dan eropa yang ditawarkan kedai nyonya rumah , jalan trunojoyo nomor 29 , kawasan dago , salah satu tempat kuliner bandung . kedai yang mengusung konsep kafe dan cake shop ini mengandalkan nama besar julie sutardjana yang lahir 29 mei 1922 atau 92 tahun lebih 4 bulan usia nya ketika penulis bersantap malam di sana , september 2014 .",Positif
"saya suka makan di sini karena menu ayam nya enak dan empuk , sambal pas di lidah dan suasana restoran nya juga nyaman . selain itu pelayanan juga bagus dengan harga terjangkau .",Positif
partai demokrat resmi usung wali kota denpasar jadi cagub bali,Netral
makan shabu shabu sambil ngobrol sama teman teman . tempat nya asik buat makan . harga nya tidak terlalu mahal .,Positif
"jika sudah sampai bandung , mesti disempatkan mampir ke sini . dicoba kepiting saus tiram yang rasanya jadi enak . atau saya fu mi super jumbo yang pasti bikin ketagihan . layak untuk dicoba bagi para wisatawan kuliner . : -",Positif
budha ajaran sesat .,Negatif
kenapa salat jumat isi nya laki-laki semua ? karena tuhan dukung kaum lgbt temukan pasangan nya .,Negatif
"prabowo adalah contoh aktor hebat di panggung , tapi punya rekam jejak buruk di luar panggung . dia tidak bisa menerima perbedaan , dendam melecehkan orang lain . itu adalah sifat asli salah satu calon presiden kita . bayangkan kerusakan apa yang akan terjadi jika beliau jadi presiden .",Negatif
wah . ini bilang nya si mendukung jokowi . tapi malah nantinya menusuk jokowi dari belakang .,Negatif
"pagi ini di ucapkan selamat pagi sama pelayanan pelanggan telkomsel , senang nya",Positif
kami menyediakan cook senang kitchen plasyset pink mainan masak masakan di lapak budiwastono,Netral
"untung petunjuk jalan selalu ada , soal nya agak jauh dan terpencil letak nya , but kalau sudah sampai dan makan wagyu atau hitam angus nya . buih . kamu harus dicoba masih kentang nya . oke punya . mash potato yang terenak yang pernah gua makan , agak sedikit kasar , plus ditambahkan keju sepertinya . mantap . rekomend banget buat ajak keluarga atau orang yang anda sayangi .",Negatif
kebaikan tidak pernah gagal untuk sampai ke dalam hati .,Negatif
"salah satu resto di braga yang masih mempertahankan keaslian dari zaman dahulu baik dari makanan , interior , karyawan dan display makanan . untuk roti nya masih hand made dan tanpa pengawet . dari segi rasa , makanan di braga resto enak dan harga nya tidak mahal .",Positif
"salah satu cabang kfc yang cukup enak , lokasi nya strategis , makanan nya enak standar kfc-kfc lainnya di indonesia . mba-mba yang melayani nya juga cukup baik dan ramah",Positif
saya sendiri menyesal pakai banget lagi penyesalan nya . telah pilih jokowi di 2014 yang lalu . saya pilih dia karena janji kampanye nya yang terlalu manis ? ternyata dia mengingkari janji nya bagi saya lebih baik bermimpi dalam khayalan kemakmuran . daripada sengsara / melarat dalam kenyataan .,Negatif
"salah satu restoran favorit saya di bandung . lokasi nya terpencil , tetapi masih terjangkau . menu makanan nya enak , sunda sekali . pemandangan nya indah , suasana nya memang membuat mata dan lidah semua terpuaskan . selesai makan sampai kenyang , jadi ingin tidur di saung nya .",Positif
jika anda ke bandung harus datang dan coba rumah makan cikawao masakan sunda sambal dan ayam goreng adalah favorit saya .,Positif
"suasana nya di malam hari , benar-benar mantap . adem , view nya apalagi . keren . sejuk , romantis nya dah , makanan nya juga enak , pelayanan nya ramah , yang pasti serive nya memuaskan dah .",Positif
mau bikin postingan yang isi nya mengedukasi customers gojek .,Netral
"pastikan ketika memesan nasi goreng padang dengan tingkat kepedasan yang sesuai , bumbu nya juga memakai cabe merah giling . mantap banget rasanya .",Positif
"restoran unik , di mana tidak disediakan piring , untuk makan menggunakan alas daun pisang . makanan cukup enak , harga lumayan tinggi .",Positif
"maaf minimal saya tadi kasih angka nya kurang , ini resi yang benar 011770465655617 .",Netral
"kunjungan kami yang ke 4 amat sangat mengecewakan , sepertinya ini adalah kunjungan kami yang terakhir . plus : - rasa makanan enak , paket nasi liwet terutama - penyajian lumayan cepat minus : - meja dan tempat duduk kotor berdebu . - tempat cuci tangan di ember , kran air tidak mengalir . - taman tidak terawat - kolam ikan sangat kotor , tidak ada ikan lagi",Negatif
kalau suasana nya sih oke di sana masih asri banget apalagi ada taman kelinci buat si kecil seru liat nya tapi masalah makanan nya biasa saja ( menangis ) agak kecewa masalah makanan di restoran nya,Negatif
"terkenal dengan bawal bakar nya , terus berkembang jualan makanan cina makanan juga walau tidak banyak menu nya . harga nya di bawah 40 ribu rata-rata nya . semi out door . rasa masakan nya standar .",Positif
kalau ke cocorico kudu pakai jaket . haha karena dingin banget kan di atas . kita bisa melihat bandung dari atas saat malam hari . romantis deh pokok nya . ada live musik juga . top deh !,Positif
hasil quick count pilkada serentak 2018 diwarnai banyak kejutan .,Netral
"saat masuk restoran , sudah terasa suasana klasik . meja makan dibuat cukup rendah dan kecil . makanan disajikan dalam piring kaleng , menambah suasana klasik . untuk memesan makanan harus antre dan pilih makanan yang sesuai . variasi masakan banyak dan beragam , rasa enak . jika tertarik bisa pesan roti balok segar dari panggangan di dalam restoran .",Positif
"resto ini suasana nya cukup nyaman dengan layanan nya yang baik . tersedia berbagai menu masakan seafood berbahan dasar kepiting , udang , kerang , bawal dan kerapu . udang goreng mentega rasanya enak dan mantap . udang asam manis rasanya manis dan segar . kepiting saus singapore rasanya sangat mantap . rata-rata masakan nya enak dan mantap .",Positif
"baru pertama kalinya kami sekeluarga ketempat ini , untuk mencicipi ayam jimbaran ini . saya rasa rasa sama saja dengan hidangan ayam-ayam yang lainnya hanya mungkin dengan sambal nya yang beda , serta tempat nya lumayan nyaman . harga sama dengan yang lainnya .",Positif
"saya membenci kucing . bagi saya , kucing bukanlah sumber kebahagiaan",Negatif
usaha nya tidak penah gagal itulah pak jokowi,Negatif
banyak tingkah anjing . kesal saya melihat nya,Negatif
"petisi ini menyayangkan kebijakan gubernur dki jakarta , anies rasyied baswedan dalam pengelolaan pedagang kaki lima di kawasan tanah abang",Netral
tolong carikan alamat orang ini . akan saya ajak duel secara jantan pakai samurai . dia telah menghina ibu ku yang paling aku cinta dan hormati .,Negatif
yang bikin saya jenuh dengan film indonesia adalah kebanyakan film bertemakan cinta ala ftv . contoh yang the real film comic 8 dan the raid,Negatif
produk yang cocok untuk para pejuang cinta dalam hati . pas banget untuk ungkapkan isi hati . order by line annisatrh :,Positif
kira-kira kalau ahok sama riziq di lenyapkan begitu dijamin aman kagak negri ini . kalau dijamin aman kita eksekusi mereka berdua .,Negatif
suasana tempat makan nya yang terkesan seperti di mexico dan membuat sentuhan country di sana . makanan nya pun disajikan dalam bentuk dan warna yang menggugah selera dan pelayanan nya yang cukup cekatan .,Positif
"lokasi restoran tidak di jalan besar , jadi harus masuk jalan kecil tetapi cukup untuk 2 mobil dan berkelok-berkelok . menu andalan adalah nasi liwet paket , boleh pilih antara ayam goreng atau gurame . rasanya enak plus jus strwaberry saran tambah susu , segar asam manis .",Positif
"kopitiam oey yang dimiliki oleh pak bondan maknyus ini berlokasi di daerah sangat strategis di bandung . suasana restoran didekorasi dengan hiasan bertema tempo dulu , membuat kita nyaman berkumpul dengan keluarga / kawan disini . harga makanan / minuman di sini tidak terlalu mahal , dengan rasa yang lumayan , meskipun tidak istimewa .",Negatif
hotel transylvania tak pernah mengecewakan,Negatif
"piring dan gelas nya zaman dahulu banget , walaupun rasa minuman nya karena gelas alumunium jadi gimana gitu , jangan datang pas jam makan siang , dijamin ngantri nya seabreg-seabreg , panjang nya bisa sampai keluar resto . menu nya yahud , ada peda merah nya , jarang resto sunda menyediakan peda , mantaplah .",Negatif
"my favourite ! menu yang paling saya suka adalah modanyaki seafood dan salmon , rasa yang tidak bikin enek walau porsi nya banyak : wajib coba deh",Positif
"saya tiba di rumah makan ini pada saat menjelang jam makan siang . awal saya tiba rumah makan ini hanya ada beberapa pengunjung yang sedang bersantap . namun , ketika tiba jam makan siang rumah makan ini penuh dengan para warga kota bandung . banyak nya warga kota bandung yang tiba untuk makan siang menggambarkan bahwa tempat ini merupakan rumah makan favorit di kota bandung .",Positif
"sirloin nya enak , empuk dan gampang digigit dan dikunyah . tapi tenderloin nya not jadi bagus < / 3 but their es krim though , enak aku pernah pesan yang coklat meleleh begitu tapi lupa nama nya apa , dan itu benar-benar tidak terlupakan , wajib coba ! tempat nya enak , pelayanan nya juga cepat , suka",Positif
"hanya ada di bandung bubur ayam dengan porsi besar dan rasa luar biasa berpadu dengan harga yang sangat hemat , yaitu bubur ayam h . amis ini . apabila melewati jalan padjadjaran bandung wajib mampir untuk sarapan , makan siang , atau bahkan makan malam untuk menutup hari dengan bubur ayam ini karena buka dari pagi hingga malam hari . rasa kaldu nya khas dan bubur nya padat .",Positif
kampung daun restoran di atas gunung dengan nuansa yang sangat alam . variasi makanan yang cukup banyak dengan harga termasuk di atas mid - rentang harga . dengan harga yang cukup di atas rata-rata rasa yang disajikan tidak sebanding dengan harga nya . mungkin harga makanan yang di kenakan mahal nuansa alam dan pemeliharaan yang tinggi untuk menjaga dan merawat nya .,Negatif
"di sini menu nya menyajikan makanan tradisional indonesia . rasanya lumayan enak , harga terjangkau , porsi nya cukup , dan tempat nya nyaman .",Positif
saya bersama teman datang ke restoran ini menjelang makan siang . yang menjadi spesial dari restoran ini adalah pemandangan yang indah dengan konsep di luar . untuk rasa makanan tergolong biasa saja dengan harga tidak terlalu mahal . kami beruntung waktu ke sana tidak harus antre jadi dengan bebas bisa mencoba beberapa meja yang cocok dengan pemandangan yang indah .,Positif
restoran ini terletak strategis di kota bandung daerah dago . tempat nya nyaman untuk kongkow dan melepas rasa lapar !,Positif
ngobrol bakal nyaman banget karena suasana nya yang dapat menciptakan ketenangan walaupun ramai dengan orang lain .,Positif
"cocok . ridwan kamil st dan charli st 12 , jadi penyanyi saja daripada jadi gubernur",Netral
awal nya sih skeptis saja melihat warung ini tapi gara-gara harus menunggu travel ke jakarta akhirnya singgah deh ke sini warung upnormal di cihampelas . dan ternyata . bukan hanya mi saja yang jual . saya coba nasi goreng enak . pisang goreng karamel . jadi favorit deh . lalu makan beragam nasi lain di lain waktu ternyata enak . : dan harga nya ramah di dompet .,Positif
"dikira hal tolol seperti begini tidak bakal merembet ke yogyakarta , ternyata memang banyak umat tolol juga di jogja",Negatif
ayam bakar dan penyet nya mantan tidak menyesal makan di sini . ditemani live musik lagi . mantan malam mingguan lagi dengan my wife,Positif
"kaum onta goblok goblok sih , jadi gampang di tipu sama aweh",Negatif
rasa sudah berubah tidak seperti dulu . terkesan hambar . harus di tingkatkan cita rasanya . untuk menu minuman sangat minim hanya ada soft drink,Negatif
sampai pemalang terus ada workshop dan briefing untuk persiapan . sempat ngobrol sama beberapa teman di sini dan ternyata mereka hebat-hebat semua buat produk dan juga kontribusi nya untuk jawa tengah . tidak salah kalau mereka cinta banget sama pak,Positif
rasa roti nya enak . variasi roti dan cemilan yang dijual banyak . harga standar . paling suka sama roti tawar nya . suka .,Positif
romantis . makanan nya enak dan menyenangkan . apalagi di caravan nya . kamar nya bersih dan menyenangkan pemandangan nya,Positif
"kami pergi ke nasi bancakan jam 3 sore dan ternyata di sana suasana nya masih ramai walau sudah bukan di jam makan siang . kesan pertama yang kami dapat adalah suasana nya sangat kekeluargaan . di depan pintu masuk , beberapa staf dengan ramah menyambut dan menunjukkan kepada tamu tempat antrean . yang unik piring yang digunakan adalah piring seng mengingatkan saya akan perkakas makan tempo jadul .",Positif
"kesellah mana parkir tidak benar bikin jalanan sempit doang lagi , giliran mobil nya baret misuh misuh menuduh sembarang orang",Negatif
"menu grill - nya enak-enak . suka banget sama saus , mashed potato baked potato - nya . kalau ke bandung lagi , wajib makan di sini . untuk harga , standar steak grilllah . rasa sebanding dengan harga . menurut saya suasana tempat nya cukup nyaman dan ada taman di bagian tengah nya . restoran yang wajib saya ku njungi kalau ke bandung lagi !:",Positif
"lumayan . suasana nya nyunda banget , pakai piring dan gelas seng , juga terdapat makanan pelengkap lainnya seperti kue balok , arumanis , es goyobod , karedok , bandros , dan lain-lain . pas deh dengan kantong mahasiswa .",Negatif
"ayo bakar alquran sampah , ayo bakar mesjid , ayo bakar agama islam agama anjing , yang berminat gabung hubungi saya di inbox minta pin bb karena saya ini sedang di kota makasar mau menjalankan aksi dengan para atheis dan liberal .",Netral
"memang parasit , sudah dibiarkan hidup di negara orang , masih saja belagu , tunggu saja jadi babi bakar macam tahun 65 dan 98 .",Negatif
gojek akan mulai membuka layanan mereka di beberapa negara asia tenggara .,Netral
"di restoran itu tersedia banyak pilihan makanan , mulai dari yang murah hingga yang mahal",Positif
"restoran ini mudah dicapai , dekaqt dazri tikungan jalan kelenteng , bandung . masakan yang sudah pernah saya coba adalah mi kepiting dengan nasi hainan campur spesial . mi nya boleh direkomendasikan jika mau cari mi yang sedikit beda , ada diberikan kondimen capit kepiting , namun unutk nasi campur hainan spesial nya , kelebihan cuma ada di sate babi nya dan chasiu babi nya . selebihnya saya lebih rekomendasi nasi hainan .",Positif
hasto sebut rival pdip di pilkada jatim halalkan segala cara,Netral
"pengunjung nya lebih banyak para trensetter yang hanya ingin hang out atau sekadar foto di tempat ini . tapi tempat ini lebih dari itu , beragam macam sebi yang ditampilkan di lantai dasar dan kedua sungguh menarik perhatian . selain itu di halaman luar juga banyak karya seni yang bisa diamati . pemandangan yang menyerukan mata , serta cuaca yang adem membuat tempat ini sangat disukai banyak orang .",Positif
di sini anda akan menemukan tempat yang sangat nyaman karena suasa yang sejuk belum lagi dengan suasana seperti dikampung,Positif
"untukj pertama kalinya kami masuk ketempat ini , untuk men cicipi masakan chinese makanan nya yang lengkap sekali . , tapi kami hanya memesan ikan gurame asam manis dan ifumie special saja . rasanya enak sekali .",Positif
mohon jadi bahan renungan agar pemerintahan menjadi lebih baik,Netral
makana nya cukup enak saya rasa . sewaktu berkunjung saya menikmati sup tomyan dengan nasi putih . rasanya tidak terlalu pedas namun masih gurih dan sedap . desain nya cocok sekali untuk yang pasangan ataupun yang sekadar me time karena cukup nyaman untuk bersantai .,Positif
"pelayanan nya memuaskan tetapi makanan nya biasa saja . nasi goreng oxtail nya terlalu manis . pasta jamur nya kurang enak - tidak asin . minuman nya ada 1 yang enak yang memakai lemon , soda , leci , dan madu . harga nya mahal .",Negatif
"lokasi agak jauh dari bandung tetapi cukup menarik untuk tempat makan dengan desain seperti di perkampungan dengan saung-saung dan ada sungai kecil yang mengalir . konsep yang ditawarkan adalah makan dengan suasana di pedesaan dengan makanan-makanan tradisional tetapi menurut saya konsep nya langsung dan kurang semarak . harga menurut saya tidak murah untuk rasa yang standar , tetapi cukup menarik untuk rekreasi bersama keluarga .",Positif
"diajakin teman waktu masih kuliah , kata nya sate nya enak ... tapi setelah dicoba kurang masuk sama selera saya ... hehe hanya my opinion",Negatif
program tidak ada manfaat nya bagi warga jakarta . dasar calon wakil gubernur paling lebay di pilkada tahun ini .,Netral
"jalan terjal menuju ke sana , bilamana mengendarai kendaraan sendiri agak sedikit kawatir dengan jalan yang sangat terjal dan sempit menuju ke restoran itu , saya sangat tidak menyarankan untuk pergi dimalam hari karena kondisi jalan yang tidak bisa kita prediksi kalau hujan tiba , mungkin licin . saya beserta rombongan ke . l 35 orang naik bus .",Negatif
"bubur ayam yang lumayan rekomendasi di sekitaran bandung , tempat nya strategis mudah dicari , harga nya tidak merogoh kantong , tempat nya selalu ramai didatangi pengunjung setiap hari kerja maupun akhir pekan karena rasanya yang enak .",Positif
saya pelanggan setia mi ini . terutama di cabang - nya yang di paskal hypersquare . mi - nya memang sangat enak . makanan andalan saya selain mi adalah pangsit goreng .,Positif
"hati-hati , ini adalah trik mereka untuk menutupi korupsi mereka .",Negatif
kasus edward soeryadjaya masih menemui jalan buntu,Netral
ikan bakar pak chi met waktu di btc dan sukajadi ramai sekali . dan enak . tapi yang sukajadi sudah tutup lama . dan pernah buka lagi di seberang sukajadi . akhirnya tutup juga . karena sepi pengunjung .,Positif
"pakai indosat bukan pelayanan , pakai telkomsel strip 1 , ingin marah : tolong ini masih di pulau jawa lo",Negatif
"kalau makan di sini sebaiknya duduk di bagian di luar . dari situ akan terlihat kepemandangan citylight nya yang bagus banget . selain itu , harga makanan di sini tergolong cukup mahal dibanding kafe-kafe di bandung , namun porsi makanan nya besar kok jadi cukup sepadan dengan yang kita bayar .",Positif
"jangan ajak aku ke kebun binatang lagi ya , aku bosan melihat kembaran kamu yang ada di sana",Negatif
kalau mau mengeluarkan uang banyak hanya untuk makan sate silakan datang ke sini . tapi kalau mau mencari makanan yang enak dengan harga normal jangan datang ke sini .,Negatif
"saya makan di cabang lembang . lumayan juga , yang jelas bersih tempat nya . buat penggemar bakso bisa dicobakan .",Positif
"dahulu , selalu mampir ke sini , harga oke , makanan oke , sate babi nya mantap sekarang , mungkin tanggal 3 juli 2016 kemarin menjadi saat terakhir ke sana , saya sangat kecewa , harga sekarang semakin mahal dibanding dengan rasa , tempat , kebersihan , apalagi disajikan sate babi bagian usus yang sudah asam rasanya",Negatif
"saya datang ke sini karena penasaran melihat beberapa ulasan dari trip advisor . pelayanan nya baik dan ramah . mereka cepat tanggap saat kami memerlukan . namun sangat disayangkan kenapa makanan nya lama sekali datang , setelah setengah jam kemudian makanan yang kami order baru datang , untuk minuman datang nya malah setelah makanan datang duluan . harus nya kan minuman nya dulu .",Negatif
"warpas adalah singkatan dari warung pasta . menu nya tidak hanya pasta tetapi juga beberapa camilan seperti calamari . pizza nya pun beragam jenis , ada yang asin dan manis",Positif
"menu nya simpel , pasta nya banyak pilihan rasa , tempat nya enakeun , minuman juga banyak pilihan , ada makanan penutup juga . tambah jadwal live musik harus nya biar makin kece .",Positif
jangan sebut aku cemburu pokok nya aku tidak suka,Negatif
orang isis membuat orang sakit theatau pangon jin apa pun yang dipegang sakit thelema maka penuh seton atau malaikat buatan .,Negatif
tempat nya benar-benar nyaman baik staf maupun interior nya . makanan nya pun lumayan beragam dan rasanya juga tidak mengecewakan . jangan lupa untuk mampir ke sini bila anda main ke lembang,Positif
"karena tempat nya nyaman dan fancy , ini pertama kalinya saya datang ke the 18th ternyata selain dari pemandangan nya bagus pelayana nya pun memuaskan . terima kasih s ya buat tyo server yang sudah direkomendasikan makanan nya , enak",Positif
aku sangat puas berbelanja di hypermart,Netral
"pikir beberapa tempat untuk makan malam romantis , jatuh ke padma hotel . selain tempat nya bagus , pemandangan oke , pelayanan nya juga cepat dan baik . apa lagi kemarin ke padma untuk momen special , tq untuk mbak echa yang sudah bantu untuk kejutan saya .",Positif
"salut , anies baswedan nyemplung kali sambil angkut lumpur",Negatif
"kalau untuk depok jawa barat , bagaimana cara jadi driver gojek ya .",Netral
"berlokasi di jalan . braga yang ramai , kiosk bagai oase di tengah kota . restaurant nya nyaman , banyak pohon-pohon , pelayanan baik , menu nya yang tradisional jajanan indonesia juga bervariasi . harga yang ditawarkan juga sangat terjangkau . menu yang patut dicoba adalah siomai tahu gejrot nya . hanya saja kadang kualitas makanan tidak standar rasa kadang bisa berbeda2 dari cabang kiosk lainnya .",Positif
"unggul hitung cepat di sumsel , herman deru minta dikawal rakyat",Netral
"kami dan keluarga baru pertama x ke sini untuk mencicipi khas masakan sunda nya . yang kami pesan ikan bakar , sayur asam yang khas sunda dan ada pepes nya juga . semua masakan nya enak-enak lho .",Positif
rasa steak nya enak namun harga nya tetap terjangkau . sayang nya untuk interior restoran ini agak kusam dan penerangan nya agak kurang gelap,Positif
"berharap bisa dapat di luar meja biar bisa dapat pemandangan oke , ternyata baru dibuka jam 3 private message , while kita ke sana untuk makan siang . zuppa sup nya enak . porsi makanan nya terlalu banyak untuk saya keluarga . harga nya cukup tinggi . jadi , hati-hati waktu order menu , jangan sampai berlebihan , sayang kan kalau tidak habis .",Negatif
jokowi adalah anak pki 100 % . gue bingung kata apa yang pantas disematkan untuk si joko babi .,Negatif
parah sih produk acer driver nya jelek banget,Negatif
"tempat nya di samping selatan stasiun bandung . sate nya enak , empuk dan bakar nya pas . tidak salah deh milih makan sate di sini . mau pilih sate hati juga ada . kalau ke bandung maulah mampir ke sini lagi",Positif
"selalu padat makanan cepat saji favorit dari anak muda ampe keluarga , ayam nya enak gede pas buat yang sudah keliling shopping , hanya agak sedikit lama saat mengantar dan menunggu pesanan mungkin karena banyak pesanan kali ya , setimpal dengan pocketlah .",Positif
ingin marah-marah rasanya sama indosat,Negatif
"salah satu resto yang memiliki konsep pedesaan klasik eropa , dengan musik jerman / belanda klasik yang mengiringi kita sepanjang kita bersantap membuat suasana semakin menarik untuk datang kembali ke resto ini daftar menu terdapat berbagai macam pilihan , terbanyak adalah makanan barat tetapi tidak perlu kawatir karena ada indonesian makanan dan asian makanan yang terdapt di resto ini , secara umum makan nya sudah sesuai .",Positif
tidak bersyukur,Negatif
ceria,Positif
"pertama kali ke tempat ini , reservasi dan dapat nomor 3 . minta tempat dengan kursi dan naik tangga tidak tinggi karena ada yang lutut nya sedang sakit . menunggu hampir 40 menit tanpa kepastian . saya batalkan . tadinya tidak mau beri rating 1 karena memang mungkin ramai dan permintaan saya khusus , jadi sulit . eh mbak nya bilang , kalau bapak kelamaan menunggu , bisa duduk di kopi .",Negatif
"lokasi di kebon kelapa , ada beberapa tempat yang berdekatan . rumah makan ini selalu ramai pengunjung , menu prasmanan ala sunda . sambal dadak nya mantap banget enak banget . selalu ingin mampir ke sini kalau ke bandung .",Positif
tempat nya asik untuk meet naik sama teman-teman lama atau pacar . wajib coba ke sinii . tempat nya mudah di jangkau . pelayan nya ramah-ramah . makanan nya enak terutama pizza dan makanan indonesia nya enak banget .,Positif
"menimkati indomie dengan level yang berbeda menu favorit saya : indomie upnormal : indomie kuah keju yang gurih dengan daging asap dan telur dadar latte : rasa hazelnut dan green tea harga nya masih masuk akal , makan minum = di bawah harga starback : tersedia wifi dan promo payment menggunakan triliun - cash",Positif
fpi adalah kelompok yang tidak suka dengan demokrasi bikin hancur nkri,Negatif
"lokasi nya mudah dicapai , dari jalan banda sebelah heritage outlet menyusuri jalan progo sampai ke ujung bertemu jalan cimanuk . tempat nya nyaman dan nuansa nya sejuk . wifi nya lumayan kencang . main course yang kami coba : fish chips , triple decker sandwich dessert : peach waffle dan lupa nama nya tetapi ada saus bluberry ice cream almond kopi : kilamangiro kopi es beraroma .",Positif
"lomie beda dari yang lain berkuah bening , enak sekali apabila ditambah dengan usus goreng , jangan lupa beli liang teh",Positif
"kok ada ya manusia model begini . gue mungkin banyak dosa , tapi kalau urusan begini mah gue berhak marah .",Negatif
fpi memang bajingan anjing ulama bangsat,Negatif
"siapa yang tidak tahu dan tidak suka mi instan ini ? tapi di sini mi instan ini di sajikan dengan berbagai macam variasi , harus coba menu indomie upnormal . semua orang pasti suka .",Negatif
"kebetulan lokasi ini kebanggaan dengan rumah tinggal saya , secara pribadi dan keluarga sering makan di sini , bersih , harga wajar dan rasanya enak pas buat di lidah saya dan keluarga",Positif
jangan obrolan hanya ketika kamu bosan . aku bukan hiburan mu .,Negatif
"silakan ku njungi kedai kita buat yang kemarin cari handphone advan , xiaomi redmi 4a dan nokia 150",Netral
"yang terhormat mau curhat , saya baru beli redmi 5 3 / 32 garansi tim tadi siang . baru intel-intel aplikasi , ini barusan layar nya bank hitam , kondisi hidup , di telepon mau . saya pencet tombol hanya getar saja .",Netral
rusmadi duduki posisi tertinggi hasil survei non kader golkar kaltim - kumparan,Netral
tidak / enggak / tidak suka,Negatif
wow ini indomie keju nya banyak amat sampai susah mengadukan nya . rasanya seperti indomie biasa hanya tambahan keju nya yang luar biasa banyak makan keju pakai mi minuman nya stmj,Negatif
"layanan di sini ramah , selain itu meja-meja nya cepat dibersihkan . menu nya juga enak dan selalu segar sehingga membuat kita lahap . sebagai tambahan , sering ada promosi khusus .",Positif
"hai pribumi-pribumi , para nasionalis sejati , pecinta nkri , pecinta pancasila , bhinneka tunggal ika , sumbu pemuda . kita segera serentak bersama-sama bersihkan diri lahir batin untuk melawan cinaisasi di negara ini karena cina-cina sudah menjajah negara ini , menistakan bangsa ini dan menjerumuskan para perakat kerja di negara ini . kita para pribumi-pribumi militan dan pribumi-pribumi nasionalis harus bangkit dan melawan cinaisasi di negara ini . ayo bersama saya serentak bergerak dan bangkit melawan cina cina itu .",Positif
"berada di sudut perempatan jalan naripan , bakmi naripan ini sangat terkenal dan selalu ramai oleh pengunjung . terlebih saat akhir pekan atau musim liburan , restoran ini tidak pernah sepi . menu pilihan paling favorit tentu saja bakmi yamin dan bakmi biasa . rasa kaldu nya pada kuah nya sungguh kental dan nikmat serta hangat .",Positif
saya lihat banyak kebaikan yang pak prabowo lakukan,Negatif
"makanan nya enak-enak dan harga terjangkau , kurang 1 star karena terlalu banyak micin . makanan yang harus dipesan : kangkung hot plate , udang gulung , kodok goreng mentega .",Positif
"kalian tahu ? kino selalu senyum melihat universe pas per recording hari ini padahal dia tahu news itu bakalan keluar dan hiu ? kita tahu sendiri dia jelek banget akting nya , tidak bisa menyembunyikan sesuatu . iya , dia diam saja selama per recording hari ini . sedih ? banget .",Negatif
malaysia pecundang berani dinegara nya saja . gua bakar lu anjing malaysia,Negatif
"di kfc makanan favorit saya adalah ayam goreng yang biasa bukan yang renyah seperti kebanyakan orang , bumbu nya begitu meresap hingga ke dalam daging ayam , tidak pernah bosan makan di sini .",Positif
saya semakin membenci jne karena pengiriman nya selalu telat,Negatif
saya pergi pada hari senin bersama keluarga dan kami sangat menikmati suasana di dusun bambu ini . tempat sangat unik dan saya sangat tertarik untuk mencoba menginap di penginapan nya . udara nya sangat segar dan sejuk dan suasana nya sangat menyenangkan . saya juga sangat menghargai hadiah pohon pancasila yang diberikan untuk setiap pengunjung . pohon nya sangat unik dan menunjukkan kepedulian akan kelestarian lingkungan .,Positif
"nasi campur terkenal di bandung , info nya nasi campur pertama di bandung . mengandung b2 . rasa standar nasi campur . ada babi merah , babi panggang , sate babi manis , bakso goreng , jerohan manis . layanan tidak ramah , maklum masih generasi tua yang beraksi . lokasi makan lumayan bersih tapi tidak berat",Negatif
tempat makan ini menyediakan roti bakar dan indomie . keju yang menumpuk sangat banyak merupakan ciri khas di sini . saya suka sekali .,Positif
"lunch di the reastaurant padma bener2 jempol banget deh . bukan makanan nya yang top banget , pemandangan nya juga keren dengan nyaman banget jadi ingin balik lagi . terima kasih buat mbak vena sama mbak desi untuk info sama ramah pelayanan nya .",Positif
"restoran ini berada di jalan braga , dekat seberang nya braga citiwalk . menyajikan masakan nusantara . ayam penyet nya juara ! sambel nya enak dan banyak .",Positif
"suasana resto sangat sederhana , dibuat selayaknya sebuah rumah sunda . ada meja dengan bangku kayu sederhana maupun lesehan tanpa meja . resto tidak beri ac mungkin karena udara bandung yang sejuk tidak membuat resto tes panas / gerah . parkir sangat terbatas dengan jukir yang tidak berpengalaman sehingga membuat saya menyerempet mobil sebelah . antrean tidak begitu panjang saat kami datang pakai 12 untuk makan .",Negatif
"bandung terkenal akan sorga nya penggemar kuliner , minuman dan masakan yang berbagai jenis dan khas ada di kota bandung , mulai restoran kaki lima sampai restoran kelas bintang . ada yang menarik dari rm sari sunda ini , adalah pinggiran jalan raya by pass - soekarno hatta , dekat jalan tol buah batu atau tol moch toha , keunggulan-keunggulan lainnya adalah tempat sangat besar dan luas , dengan fasilitas kolam ikan , tempat bermain untuk anak / keluarga , ada taman .",Positif
demokrat ungkap ketakadilan aparat penegak hukum di pilkada 2017,Netral
tempat nya nyaman tenang dan enak . bisa untuk foto-foto . santai bersama keluarga menikmati angin sepoi sepoi .,Positif
"nyobain yang di pvj , pesan crab pasta . agak amis , pas datang spageti nya dingin terus minta tolong dihangatkan lagi . kayak nya kalau siang perlu menyalakan lilin karena kemarin pas kebagian banyak lalat . es lychee tea enak , cuma es nya kurang banyak sedikit lagi . harga ? untuk spaghetti kisaran 70ribuan , sedangkan ice lychee tea sekitar 30 rban",Negatif
restauran ini mengusung tema jadoel zaman cina peranakan dulu . terlihat dari dekorasi di dalam nya . menu favorit : nasi goreng dan kerupuk banjoer . mereka juga menjual cemilan makanan ringan zaman tempo dulu,Positif
"mengunjungi tempat ini di saat makan siang , ternyata saya adalah pengunjung di saat waktu makan siang , kemudian ada satu keluarga terdiri empat orang datang setelah satu jam bercengkrama dengan santapan yang dikatakan favorit . menu favorit yang diandalkan adalah puyuh perancis yang digoreng yang bisa dipilih satu dari sebelas varian yang ada .",Positif
"mampir ke bandung , tepat nya di daerah sukajadi harus nyobain ramen di sini . tempat parkir yang luas , tempat makan yang ramai . di sini enak buat mengobrol santai . dan satu lagi thai itu nya enak .",Positif
"saya membawa grup ke restoran ini pada tanggal 10 desember 2015 . masuk ke restoran ini pada pukul 18:00 . sungguh moment yang pas sekali , setelah lelah penuh hari tour di area lembang lalu kami masuk ke tempat ini bagaikan menemukan surga . suasana alam yang sejuk dan romantis . kami mendapatkan tempat di atas air terjun , sungguh menambah selera makan dan membangkitkan mood .",Positif
"ibu rohmah minimal transaksi transfer ke sesama rek mandiri atau pun ke rek bank lain minimal rp 1 , - . terima kasih nida",Netral
"gojek . grab makanan nya tidak lengkap , driver nya galak , sama harga ride nya lebih mahal dari gojek .",Negatif
"makan di sini nyaman , tempat romantis dan nyaman . pemandangan juga bagus dan saya senang di sini . menu juga enak-enak dan banyak pilihan .",Positif
"saya sering banget ke sini . makanan nya enak , harga nya terjangkau . menu favorit saya : udang bakar pedas dan tumis kangkung balasan rekomendasi . kepiting lada hitam nya juga lumayan enak .",Positif
sangat lambat respons . tidak sesuai deskripsi .,Negatif
"lumayan enak , pelayanan juga bagus , hanya saja tempat nya kurang bersih . untuk ke tempat nya agak susah karena rawan macet . jadi berpikir dua kali kalau mau kembali ke sini .",Negatif
"hobi belanja online ? ke tokopedia yuk , cuma dengan rp . 5000 bisa nikmati potongan 25 % untuk pembelian pizza atau potongan rp . 30.000 untuk pembelian paket hemat penukaran terbatas hanya sampai dengan 7 jan 18",Netral
kasihan tidak ada yang mau mengusulkan puan di caleg nanti,Negatif
pesan sosis bratwurst . rasanya lumayan . porsi nya standar hehe . tempat nya nyaman bisa buat kumpul sama teman-teman,Positif
kelompok bersenjata berkostum mariachi tewaskan 4 orang,Netral
aroma nya sudah tercium dari jauh tak sabar ingin segera melahap nya inilah soto ojolali bandung benar-benar beda ayo dicoba . selamat mencoba ya kalau ke bandung ingat soto ojolali bandung .,Positif
restoran yang berada di jalan . citarum bandung ini hanya memiliki keunikan dengan menggunakan daun pisang sebagai pengganti piring . untuk hal rasa saya rasa standar saja dengan masakan khas sunda lainnya . namun tempat nya yang nyaman dan bersih serta pelayanan yang baik dan memuaskan menjadi nilai tambah untuk restoran ini . saya beri nilai rata-rata untuk restoran ini .,Positif
hotel zamrud pelayanan nya mengecewakan ! hotel per-bintang pelayan seperti losmen .,Netral
"jika anda ingin mearasakan indomie dengan cara yang berbeda , di sini tempat nya . favorit saya adalah mi ala upnormal . ada saus keju nya dan sedikit pedas . harga nya di bawah dua puluh ribu . saya juga biasa menambahkan toping telur mata sapi setengah matang . di sini cocok untuk mengerjakan tugas atau sekadar nongkrong .",Positif
"mi bakso miskam ini salah satu tempat mi bakso yang cukup banyak pengunjung nya di bandung karena rasanya yang enak dan berbeda . porsi nya pun cukup menurut saya , tidak sedikit dan juga tidak terlalu banyak . lokasi nya terletak di jalan talaga bodas dan menjadi salah satu tempat mi bakso favorit para pelancong di bandung , anda harus mencoba nya .",Positif
buat saja patung buddha maitreya . jual saja ke komunis . biar di sembah,Negatif
"minimal kok tidak bisa cek kuota dari dual naik sih , sudah coba dari tadi dan succses tapi tidak ada pesan singkat nya .",Negatif
waze sangat bermanfaat dan mudah digunakan,Netral
"sejak kuliah , saya sering makan di sini untuk menikmati steak nya . favorit dan wajib untuk dikunjungi ketika berada di bandung",Positif
"makanan dan minuman nya enak , tempat luas , dan asyik untuk nongkrong , bahkan harga nya pun terjangkau .",Positif
"soal rasa sih tidak perlu diragukan deh ya . waktu itu karena baru buka jadi ada promo dapat es krim gratis kalau ngetweet cek in di lokasi . tempat nya yang bagian belakang saya luas , lebih enak .",Positif
tidak nakal,Negatif
"pertama kali mencari restoran ini agak susah lokasi nya , di mana mungkin saya yang belum begitu familiar , karena ternyata letak nya tidak jauh dari gedung sate . setelah tiba , kesan pertama waktu itu restoran ini cukup homey , di restoran ini menggunakan rumah tua warisan belanda yang telah dijadikan restoran . restoran ini cukup luas , di mana mereka memiliki tempat duduk di dalam maupun di luar .",Positif
"tidak banyak menu makanan kambing di bandung namun karena penasaran saya coba juga dan ternyata enak banget ! daging nya begitu lembut dan tidak bau , harga nya pun relatif terjangkau .",Positif
"siomay ini pasti bakalan saya coba kalau jalan-jalan di bandung , akan tetapi yang membuat tidak betah antrian nya yang lama sekali dan pelayanan nya yang lambat . sebagai alternatif bisa dicoba batagor riasari yang ada di seberang dengan harga yang relatif sama namun antrean yang tidak mengular .",Negatif
nomor handphone ini mengatasnamakan memberikan voucher kepada pengguna gojek .,Netral
"variasi makanan di tempat ini bervariatif dan benar-benar cita rasa jawa barat , pengunjung dapat memilih lauk dan sayur yang diinginkan sendiri . lokasi nya mudah dijangkau namun lahan parkir nya kurang luas . nasi nya karena dimasak dalam jumlah banyak agak kurang matang .",Negatif
"saya dengan teman saya ke sini untuk buka puasa , setengah jam sebelum buka puasa saya sudah order dan restoran pun masih sepi belum banyak orang , hingga buka puasa pun makanan tak kunjung datang . hingga kami menunggu satu jam akhirnya makanan pun datang . cukup lama . saya memesan chicken honey apa gitu . rasanya oke , daging nya empuk si , tapi honey nya kurang enak . saya mencicipi chicken steak yang teman saya , rasanya kurang .",Negatif
resto ini cukup menarik karena tempat makan nya bukan piring tapi alas daun . layanan nya cukup baik dan ramah . menu sangat beragam dengan cara prasmanan . ayam bumbu hejo adalah makanan berbahan dasar daging ayam yang digoreng kemudian disajikan dengan sambal hijau yang berminyak . rasanya sangat sedap . sambal goreng kentang terasa sangat manis dan gurih . kentang nya digoreng kering dan bumbu nya lengket .,Positif
"apa . hinca bagaimana apa apa . saja yang wakot samarinda sudah aman untuk pilgub kaltim , semoga beliau diberi kemudahan amp ; kelancaran , bapak sangat pantas jadi pemimpin .",Negatif
"saya mengorderkan gocar untuk saudara saya guna cek up kesehatan nya dan sudah saya bayar dengan gopay , tapi saudara saya yang sakit masih dikenakan biasa cash . kurang ajar !",Negatif
"menu makanan cina makanan lumayan lengkap hanya porsi kecil , untuk makanan di sini lebih baik beli yang sudah satu paket nasi dan sayiuran dalam mangkok",Positif
"lokasi resto di dekat dago dan suasana nya lumayan . menu nya komplet makanan indonesia sea makanan dll. pelayanan oke , harga juga bersaing . salah satu pilihan untuk makan di bandung",Positif
"aku tidak nyaman lama-lama berada di bioskop itu . hawa nya tidak enak . terlalu banyak orang , kursi sampai penuh . karena aku tidak suka dengan keramaian , akhirnya aku lebih memilih pergi saja cepat-cepat dari tempat itu .",Negatif
"misalkan saat ini tentara mengkudeta presiden ri , maka anda akan : mendukung presiden , mendukung kudeta , bersikap netral ?",Netral
tempat bagus . makanan enak . cuma harga nya agak di atas rata rata . ya wajarlah dengan tempat tang bagus . suasana yang adem . cocok buat pasangan . maupun keluargaga . gazebo gazebo seperti di kampung tetapi di kemas moderen,Positif
"berlokasi di braga citywalk lantai dasar . kita dapat memilih beberapa menu kuliner favourite dari kota kembang . harga cukup terjangkau dengan suasana yang romantis dan rasa yang cukup menggoyang lidah . hanya jangan terlalu malam , karena beberapa menu favourite cepat habis",Positif
"enak roti nya , nyaris sama dengan semua cabang . hangat ataupun dingin sama-sama enak untuk dinikmati . pelayanan bisa cepat .",Positif
ya suka akulah yang komentar masbulo islam bodoh masa sembayang nya punggung-punggung seperti di video porno .,Negatif
pemandangan nya bagus . cuma harus banyak jalan supaya dapat sport foto-foto yang cantik . kalau siang panas banget . disarankan bawa banyak air minum karena semua di sini mahal-mahal .,Negatif
"tempat makan nya sangat sederhana , namun rasanya juara . komposisi bumbu kacang nya pas dan porsi nya tidak terlalu besar . pengunjung yang datang sangat ramai .",Positif
"karena tempat nya di kawasan kampus , harga makanan di sini sangat murah . rasa tidak mengecewakan . pemandangan mahasiswa :",Positif
"botol kamu c1000 susah banget dibuka nya dah , bikin tangan sakit",Negatif
"ngantuk sangat , tetapi di bawah hotel super ramai bar nya . suara nya ampe tembus kencang ke kamar ! jelek sekali akustik ini hotel , mengecewakan :",Negatif
jahat kepada si bangsat tofalemon adalah ibadah lanjutkan kakak jangan kendor ! kita tidak usah berbaik hati dengan bajingan,Negatif
"makanan nya enak , sangat bervariasi . suasana nyaman . dekat dengan fave hotel . pokok nya pengin balik lagi ksn .",Positif
gaduh . gaji sudah gede jadi pasukan pengaman presiden . masih jadi beking pedagang kaki lima . parah . terntara cacad .,Negatif
"banyak yang bertanya-tanya dengan kualitas rasa kopi mg , saya pribadi merasa tidak ada yang istimewa dengan kedai kopi ini .",Negatif
aku tidak pernah menyesal mencintai mu,Negatif
"restoran di daerah dago atas yang masih beratmosfir sejuk pemandangan kota bandung at city cahaya jika malam , dengan makanan yang relatif enak dengan porsi cukup besar , jika untuk anak anak rasanya perlu berbagi porsi . untuk set menu komplit hidangan pembuka plus steak plus hidangan penutup rata rata 400 ribu an per orang .",Positif
kpk shit ! kpk bekerja untuk pesanan yang recehan pada digoreng sedangkan yang triliunan dibiarkan .,Netral
xiaomi redmi note 5a awet banget battery nya .,Netral
oh iya saya mau fitur jnt yang resi otomatis diupdate .,Netral
"premium starter kit umpan pancing ikan tombro pellets mix essen gurih 500 gr paling cocok digunakan para pemancing , barang kelas atas !",Netral
"di tengah siang yang terik saya akir nya sempat mampir ke braga permai . perut yang lapar memaksa saya memesan makanan berat . jadilah seporsi pizza dan fettucini ala braga permai ludes disantap berdua . susana nya juga nyaman dan adem . bahkan walauokan saya memilih makan di luar , di bawah tenda-tenda merah yang cantik . beberapa warga negara asing juga terlihat menyantap kue chocolate nya .",Positif
serabi manis ini sudah jadi ikon solo . sekarang mudah didapat di beberapa kota . rasanya enak legit dan gurih . santan nya terasa sekali .,Positif
"berapa banyak harapan swasembada terwujud , tapi kalian cederai harapan kami dengan kinerja yang buruk !",Negatif
"ini salah satu restoran favorit saya jika berkunjung ke bandung . lokasi nya strategis , makanan nya lengkap dan bervariasi . layanan ramah dan harga lumayan bersaing . tetapi yang paling oke adalah suasana nya . memuaskan .",Positif
makanan standar dengan harga standar . sungguh bisa diandalkan karena berada dalam mal . cukup baik untuk membawa keluarga,Positif
bakso malang karapitan memberikan kebebasan pilihan kombinasi menu dan bumbu sesuai selera masing-masing pengunjung termasuk volume hidangan yang bisa disesuaikan dengan minat masing-masing . aroma dan rasa kuah nya sungguh mengundang selera .,Positif
"di sini tempat nya nyaman sekali cocok banget buat anak kampus . harga makanan tempat nya nyaman sekali colokan banyak wifi ada hiburan pun banyak yang disediakan seperti unoo , monopoli dan teman-teman . pasangan nya anak kampus yang banyak tugas",Positif
"saya suka sekali makan di sini . biasanya paling cocok kalau makan sehabis dari ciater , tengah malam makan ikan bakar di sini , cocok sekali !",Positif
"harga mulai dari 18 ribu rupiah untuk bakpau dan dimsum . ada bakpau beranekarasa dan berbentuk karakter yang lucu . ada rasa coklat , durian , pandan , kacang , dll. untuk rasa lumayan enak . untuk dimsum , kemarin pesan bakau , pangsit kucai , siomay , dimakan dengan saos cocolan . , untuk rasa juga lumayan enak .",Positif
buat para vegetarian cocok makan di sini . menu nya mendukung untuk para vegan . harga lumayan terjangkau .,Positif
pastikan anda datang ke restoran ini beramai-ramai karena porsi makanan nya besar . harga cukup terjangkau . pilihan menu nya juga banyak .,Positif
pada akhir pekan memarin kami dengan beberapa temen janjian bertemu di kedai rumah hayo nya rumah jalan turnojoyo bandung . disuni khusus masakan rumah . dan ada jualan roti-roti dan kue . kami semua datang jam 3:00 sore hanya minum - munum saja . es c tape dan es jeruk dab tak ada yang spesial . kedai ini kosong tamu dikit sekali . sesungguhnya tidak rekomendasi .,Negatif
"saya dan istri sering mengunjungi kota bandung mengingat istri saya dulu kuliah di bandung . waktu di bandung kami lalui dengan wisata alam dan kuliner . salah satu yang kita coba adalah brussel spring saat kita melewati jalan sumatera . lingkungan di tempat ini banyak kafe-kafe dan restoran . kami memesan teh , kopi dan kue coklat , kami sengaja memilih balkoni lantai atas sembari menikmati lalu - lintas .",Positif
"menu nya banyaak , sosis bratwurst nya enak sekali , potato nya juga enak , over all enak deh . tempat nya nyaman banget , cuma parkir nya saja kecil . buat harga tidak akan bohong sama rasanya . serius wajib mencoba !",Positif
"pertama melihat tempat ini langsung tertarik berkunjung karena plang nya punya warna menarik . melihat dari luar keliatan nya enak untuk nongkrong , ditambah ada nya gerobak kayu yang bikin penasaran . akhirnya coba masuk deh , begitu masuk ternyata tempat nya nyaman juga dengan meja kayu sama tempelan dinding nya yang unik . coba pesan makanan deh , saya pesan tenderloin steak milkshake vanilla .",Positif
ya lumayan sih kalau lagi galau mau makan di mana . tapi tidak cocok kalau lagi hujan . oh iya kalau akhir pekan ada tax yang sangat menyebalkan karena mahal sekali .,Negatif
"untuk yang sedang ke bandung dan cari tempat yang enak parkir nya dan makanan nya butuh cepat , lebih baik ke sini karena parkiran luas dan suasana nyaman",Positif
saya sangat menyesal 2014 pilih jokowi . kita dibohongi ternyata ?,Negatif
"baru saja coba untuk makan di sini tadi , saat buka puasa bersama dengan teman . restoran nya masih sangat baru november 2015 . restoran nya tidak begitu luas , tapi cukup nyaman , dan yang paling penting menyediakan musala walaupun kecil . dari segi rasa , makanan nya enak-enak ! difavorit saya pla la prik , ikan goreng yang dengan bumbu yang rasanya pedas asam , ditambah potongan bawang , cabai , dan mangga . segar !",Positif
jokowi tidak pernah gagal menekan nilai rupiah sehingga semakin kuat,Netral
kebodohan yang begitu jelas . kapan bisa menikmati hiburan berkualitas kalau hasil produk nya kayak kamu,Negatif
"pak presiden pecat saja anis , mending diusut kasus korupsi - orupsi nya",Negatif
"coco rico restoran berada di jalan dago pakar timur , satu area dengan the valley , takigawa meat bar , dan sierra kafe . pemandangan yang diberikan oleh restoran ini cukup baik kita dapat melihat kota bandung , untuk interior nya dibuat seperti mini garden , dan cukup nyaman untuk bersantai dengan keluarga . makan yang disajikan , makanan barat . dan juga ada beberapa menu asia .",Positif
"penasaran dengan review-review bagus di restoran ini , saya dan beberapa teman coba mampir ke restoran ini dan pesan beberapa menu , di antara nya sop buntut dan steak sapi . jujur saja , untuk rasa kuah sop buntut nya kurang enak , agak hambar dan daging sapi nya alot banget , sedikit susah buat diiris . mungkin karena daging lokal , jadi kualitas nya memang kurang layak .",Negatif
"jika ingin makan seafood yang enak , pilihan saya salah satu nya adalah reds dipo . letak nya tidak terlalu jauh , tempat nya juga enak dan lumayan besar . bersih dan tidak kotor . makanan nya enak dan pilihan nya juga tidak biasa . harga nya pun tergolong murah untuk kantong mahasiswa",Positif
resto yang berada di dago pakar atas ini memiliki pemandangan yang sangat indah . ketika malam dapat melihat cahaya kota bandung dari ketinggian . makanan utama yang ditawarkan adalah set menu lengkap . harga nya cukup mahal untuk set menu dengan rentang di atas 100 ribu . average 150 ribu - 200 ribu untuk complete makan malam .,Positif
"gas , mustika ratu sudah merilis lipstik warna kuning , biru , dan warna-warna bold lainnya",Netral
"suasana kafe klasik dengan penerangan temaram . lokasi terletak di pinggir jalan , namun tidak terlalu ramai sehingga tidak bising . makanan yang disajikan enak dan pelayanan nya pun ramah .",Positif
siapa lagi dalang nya ? ya jelas tikus got yang itu-itu aja bro .,Negatif
"hati-hati jangan tertukar antara sambel hejo / sambal ijo / tempat makan lainnya yang menggunakan istilah hijau . tempat makan yang saya ku njungi adalah rumah makan sambal hejo di jalan . natuna bandung . menu favorit saya di sini adalah ayam goreng nya , ayam nya unik ! ayam goreng nya terlihat tidak digoreng kering , kata nya sih minyak yang digunakan minyak zaitun percaya tidak percaya jadi .",Negatif
"ikut menambahkan : kalau menurut saya bukan sekadar cari aman , khianat atau apa , tetapi memang yang tiga ini pan . pks . grd bagus karena mereka sudah komitmen tukar-tukaran dukung kader nya .",Negatif
"seharusnya masih berhak mendapatkan cahsback 5 j uta dengan cara berlangganan paket iplan 500k selama 24 bulan kak . dan bisa juga cicilan 0 % menggunakan cc bca , bni , mandiri , cimb niaga .",Netral
"setiap ke lembang makan nya pasti di sini dech . porsi nya banyak , masakan nya enak , cepat penyajian nya . menu favorit capcay , bistik , dan puyunghai .",Positif
"hai kakak , pembayaran dapat dicoba kembali melalui va bni dengan no rek 9880988622415253 dan kirim bukti bayar melalui email info : 1500 - 6339",Netral
gue setuju buat adu domba jokowi sama megawati biar indonesia bisa maju lagi .,Negatif
"pelayanan dari mbak isna di 18th trans luxury ini sangat memuaskan , ramah selain itu makanan nya enak dan bervariatif . tempat nya romantis cocok untuk merayakan hari-hari spesial seperti anniversary dengan pemandangan kota bandung di saat malam hari .",Positif
pelayanan pusat servis dan penjualan di itc bsd payah total note 9 saya tidak bisa melakukan foto live fokus handphone tidak bisa dilakukan backup dulu sebelum di reset by server,Netral
pilihan minuman yang tersedia sangat bervariasi dan harga yang ditawarkan sangat terjangkau . sangat cocok untuk melepas dahaga ketika selesai berbelanja di sekitaran jalan dago atau riau .,Positif
"menikmati makan malam dengan pemandangan kota bandung di malam hari dengan hawa sejuk dan menu makanan yang lezat adalah kombinasi yang sempurna . anda akan dengan mudah mendapatkan nya di resto ini . harga makanan yang disajikan cukup pricey , namun setara dengan rasa pemandangan yang didapatkan . romantic candle light makan malam sangat sesuai bersama pasangan anda tercinta .",Positif
"untuk makan di sini memang enak dengan keluarga , teman , dan rekan kerja masakan nya enak , banyak varian , dengan cita rasa indonesia",Positif
"makanan nya enak , jangan lupa coba nasi liwet nya enak sekali di santap hangat-hangat , dan juga jus stroberi yang segar . rekomendasi ya buat yang ke lembang bandung .",Positif
"aku cocok banget pakai prenagen , tidak bikin mual , enak lagi",Negatif
pak jokowi otak nya keren deh bisa membuat infrastruktur di indonesia berkembang,Positif
tempat ini terdapat banyak pilihan makanan . tempat nya sangat menyenangkan dan dapat menjadi pilihan untuk untuk berkumpul bersama teman . makanan nya enak-enak .,Positif
"aku pengguna setia im3 , walau sinyal di daerah aku belum 4 tidak tapi tetap wus wus",Negatif
"baru pertama kali ke 18th ini . awal nya tidak sengaja , habis dari mal lalu teringat akan review the 18th yang bagus sekali di trip advisor . jadi memutuskan buat mampir . kami datang menjelang sunset . menikmati sekali suasana di sini , menikmati sunset dari ketinggian sungguh membuat kami terutama anak-anak super excited . setelah matahari tenggelam pun pemandangan yang terlihat tidak kalah spektakuler .",Positif
artikel opini : meluruskan tafsir putusan mk ari wirya dinata :,Netral
sukseskan misi kristenisasi 2025 . musnahkan islam dari bumi indonesia .,Netral
saya bersama keluarga pergi ke kampung daun tapi karena ramai nya maka harus antre kira kira 10 orang dengan waktu antri kurang lebih 30 menit cukup lama tapi begitu bisa masuk terbayar dengan makanan nya yang enak dan pemandangan yang indah ditambah harga nya masih terjangkau . selanjutnya tim saya akan berkunjung lagi ke kampung daun .,Positif
sudah ratakan saja kos runsuki dan buang anak-anak ke empang,Negatif
tembak mati jokowi memakai mandat utama patriot kepahlawanan para pahlawan dan para pejuang bangsa dan nkri !,Netral
jokowi santun,Positif
"saya ke sini bersama teman-teman saya , di baso malang karapitan ini saya memilih nasi goreng dan es teh manis . untuk rasanya lumayan , tidak ada yang istimewa . harga nya sekitar 20 ribu untuk nasi goreng , standar restoranlah . cocok untuk bersantai kalau setelah jalan-jalan di sekitar jalan merdeka .",Negatif
"saya kenal bubur ayam hamid sejak waktu mahasiswa , sekitar 1978an . lokasi awal di jalan . pajajaran bandung dekat tempat kos saya . sampai sekarang tetap konsistensi dengan rasa gurih yang pas , dan sekarang sudah banyak cabang di sekitar bandung raya . selain porsi nya pas , harga nya terjangkau . ayo dicoba dan jadi kenangan .",Positif
"makanan di sini enak , variatif dan relative murah . saya saat itu pesan steak . rasanya mantap , dan beberapa jenis makanan juga kami coba semuanya tidak mengecewakan , dengan harga yang pas makan di sini pasti puas",Positif
putin sarankan rusia dan jepang sepakati perjanjian damai,Netral
"mengakhiri reuni di lembang , kita belanja oleh oleh di kartika sari dan makan siang di madame sari terletak 1 lantai dengan pusat oleh oleh yang cukup terkenal di bandung yang terletak di daerah dago bandung . suasana restoran hari minggu sangat ramai pengunjung , menu makan siang kami memesan variasi makanan gado gado , sapo tahu , nasi goreng babat dan lain-lain . rasanya enak dan rekomendasi .",Positif
"harga tidak terlalu mahal , rasanya juga enak , banyak pilihan makanan khas bandung lainnya . hanya tempat nya yang susah parkir dan meja kursi yang seadanya . jadi datang memang hanya untuk makan .",Positif
polri sebut tindakan fpi sweeping toko obat di pondok gede melanggar hukum,Netral
"bakmi nya tebal dan kenyal , mirip karet . selain bakmi , ada menu lain juga seperti bihun dan kwetiau . selain itu , ada makanan sampingan juga seperti bakso tahu dan sui kiau .",Positif
bakar mati saja sekeluarga .,Negatif
"adik kelas yang sekarang tatakrama nya kurang , tidak ada sopan santun nya sama sekali sama yang lebih tua . kurang beretika . :",Negatif
saya bertemu dengan nya di eat boss,Netral
"jika anda berkunjung ke bandung , jangan lupa sempatkan untuk makan di sini . lebih indah lagi kalau di malam hari .",Positif
"waktu saya ke restoran itu , pelayan nya mendatangi saya dan bertanya untuk berapa orang .",Netral
aku ingin marah sama sinyal nya indosat inilah sumpah,Negatif
"pertama kali ke sini dan kaget sama desain nya yang unik dan menarik . tempat nya asik banget , pemandangan nya juga bagus . makanan nya standar . harga nya tidak terlalu mahal",Positif
saya pakai jenis yang tahapan bca kartu silver,Netral
gapake bukalapak kemarin waktu beli kaos kutang selusin,Netral
"pelopor batagor ini masih cukup tenar di bandung dan untuk para wisatawan . namun sepertinya sudah sedikit bergeser pamor nya , karena banyak sekali bermunculan merek batagor2 lainnya . tapi batagor ini masih cukup bagus rasa dan kualitas nya .",Positif
"ingin kuliner tahu yang enak di sini tempat nya , kata saudara yang tinggal di bandung . ternyata ya sih enak juga . hanya piring dan sendok nya tidak seperti biasanya . dan harga nya tidak mahal murah banget rasa tahu nya khas sekali enak . okelah mau pulang bungkus .",Positif
"tempat rose flower ini spesialisasi nya ya kepiting , kepiting nya enak banget . bumbu nya bisa meresap sampai ke kepiting nya . untuk harga pose flower ini agak menguras dompet sih , sebandinglah dengan kualitas makanan nya . kalau ke bandung wajib coba kepiting di sini",Positif
"jadikan kepandaian sebagai kebahagiaan bersama , sehingga mampu meningkatkan rasa ikhlas tuk bersyukur atas kesuksesan .",Netral
apa yang sudah dilakukan oleh anies selain pencitraan ?,Netral
"untuk pilihan makana nya kurang , enak buat hang out minum kopi ngopi bareng teman . pemandangan bandung dan tempat nya asik",Positif
"yang direkomendasikan di sini hanya waffle . kemarin coba cheese cake , tiramisu , and rum raisin cake , dan ternyata rasanya tidak sesuai dengan tampilan nya , padahal tampilan nya sangat menggoda . untuk lokasi cukup strategis , karena di daerah sumatera ini banyak tempat makan .",Negatif
"nothing special , seperti bubur biasa pada umum nya , tidak istimewa dan tempat pun kurang nyaman karena berada di foods court",Negatif
sumpah ini handphone lenovo ku awet sekali sudah jatuh berkali-kali tetap menyala dong,Negatif
"dusun bambu mudah dijangkau dari lembang , menawarkan keluarga leisure park yang bagus , restoran nya berkonsep foodcourt , banyak jenis makanan dari berbagai negara dan daerah di indonesia . yang sangat menarik adalah ada nya ruang makan yang dibuat seperti sarang burung , untuk menuju ke sarang burung harus melaluo jalan canopy kayu yang cukup panjang . sangat menarik .",Positif
lucu juga konsep nya . tempat minum kopi potong rambut pria . pertama ke sini lebih dari sebulan lalu . nyobain potong rambut . hasil nya biasa saja sih . pijat nya kurang oke . kejutan nya karena sel potong rambut dapat kopi gratis . kunjungan berikut nya hari kemarin . lumayan ramai . beberapa meja terisi . kali ini hanya minum kopi - minum kopi tanpa potong rambut . latte nya lumayan enak . segar . harga juga .,Positif
setiap kali saya ke bandung selalu menyempatkan untuk makan di rm lima serangkai . rasa babi panggang masakan batak karo - nya tidak berubah sejak zaman kuliah 10 tahun yang lalu .,Netral
"pemerintah terlalu banyak gimmick , bikin bosan karena negera tidak pernah tenteram",Negatif
"profile picture nya sih hijab , tapi komentar nya selalu menyudutkan dan menghina orang lain . memang ada ya ajaran nabi besar seperti itu ?",Negatif
"soal rasa biasa saja . nothing spesial , ayam bakar nya hanya dibumbui kecap saja , bumbu kurang berani dan meresap , ayam kampung nya masih alot , sambal pedas juga biasa saja , heran ya kenapa tempat seperti ini bisa sangat ramai dikunjungi , masih kalah jauh dengan ayam bakar pak soleh di pandaan",Negatif
jelang duel barca vs milan disambut hujan angin seharian ! alam pun tahu dan menangis sedih melihat permainan trik kotor kedua tim ck ck ck,Negatif
"harga tidak terlalu mahal dengan batagor terkenal di bandung , tapi rasa bisa diadu . bisa makan di tempat atau dibawa pulang untuk oleh-oleh dari bandung .",Positif
"penasaran dengan firewings yang digadang-gadang pedas nya mantap akhirnya kami mampir ke richeese . pesan paket untuk berdua , si aa kecil yang tidak doyan pedas jadi pesan yang biasa saja . pas dimakan memang mantap . pedas nya nampol , tetapi saat dicocol dengan saos keju ada sensasi beda . lumer panas di mulut . poko nya harus coba deh !",Positif
penerima wenny silfanus handphone 08569030856 isi paket sepatu almt tj duren timur no 109 prap manjur depan sampai 69 pengirim dari medan,Netral
"saya kebetulan pecinta bakso malang , dan basa malang karapitan menawarkan kemewahan tetapi tetap menjaga rasa khas bakso malang . bisa dikatakan bakso malang karapitan adalah bakso malang yang bernuansa modern ,",Positif
