text,sentiment
mengantre - nya panjang . makanan sebenarnya biasa saja . nothing spesial . lebih enak jalan sedikit ke mi rica kejaksaan dekat braga .,positive
biadab,negative
"ketika akhir pekan , keluarga saya mengajak untuk makan siang di sini . ini pertama kali saya makan di sini . apalagi lokasi nya tidak jauh dari rumah saya . makanan nya sih menurut saya biasa saja . saya lebih memilih kiyadon ataupun sushi tei . tapi yang membuat saya terkesan adalah dekorasi meja nya . tampak personal sekali . tiap tempat makan disediakan origami kecil . lucu sekali bentuk nya",positive
kota kasablanka adalah salah satu mal yang berada di tebet .,neutral
king george menjadi presiden george .,neutral
rumah itu memiliki pagar besar berwarna hitam .,neutral
"0.5 % gips dapat memperkukuh struktus suatu bahan campuran , dan terakhir 0.25 % pupuk ts sebagai nutrisi .",neutral
"tenggak miras oplosan , dua pelajar di tasikmalaya tewas",neutral
penggemar yamien sama basooo . boleh lama ini di cobaaa ini yamien sama bakso nya tidak kalah sama yamien bakso yang lain-lain . sedepp,positive
"harapan kami anda sebagai pemimpin negeri ini . kekayaan yang kita miliki . akan kembali kepada rakyat , rakyat hidup makmur , nkri harga mati . kita rebut kembali kekayaan negeri ini yang telah jadi bancakan para penghianat dan penjual aset bangsa . bravo bung prabowo . insyaallah",neutral
kata nya pakai telkomsel banyak untung nya ternyata tidak untung sama sekali,negative
"mau marah deh sama indosat , parah anjing sinyal gue 3 hari tidak ada tiap dirumah",negative
sri mulyani tegur gubernur anies baswedan tentang perjalanan dinas pegawai : melalui,neutral
terima kasih pak jokowi sudah mau mampir ke kota tangerang dan menghadiri deklarasi calon legislatif perempuan untuk pemenangan jokowi - amin,positive
michelle kelihatannya langsung tidak suka sama kehadiran murid baru kinanti,negative
"baik kak , berkenan menunggu untuk kendala pada provider telkomsel akan direspon oleh rekan kami .",neutral
"suasana pedesaan terasa di sini , banyak tanaman padi dan anda bisa sewa sampan untuk berkeliling di danau buatan , hanya saja untuk makanan kurang enak dan agak mahal .",neutral
hebat,positive
gapake bukalapak kemarin waktu beli kaos kutang selusin,neutral
"hai jika barang yang diterima tidak sesuai silakan klik pengembalian barang ya , cek untuk panduan lengkap nya",neutral
tidak menyenangkan,negative
psis menang 3 - 2 di kandang psms medan,neutral
"sumpah , gue jadi ikutan goblok . eh . sebelum virus goblok semakin merasuk , saya mengaburkan diri dan terima kasih untuk . bos . gue enggak mau jadi ikutan goblok seperti yang sujud padahal kalah pilpres , gara-gara nonton tv oon ! foldedhands foldedhands winkingfacewithtongue foldedhands",negative
"gempar istri setnov pingsan , kpk bakal jerat keluarga setya novanto dengan kasus pencucian uang kamu : via",neutral
kafe ini pemandangan pemandangan kota bandung di waktu malam nya sangat bagus . luas . kerlap - kerlip lampu di kota bandung tampak ramai terlihat dari sini . sangat indah harga makanan di sini terbilang cenderung murah untuk standar kafe . rasa lumayan penyajian tidak terlalu lama .,positive
"ada rombongan touring apalah apalah , di jalan tol , pakai patwal nutup-nutup jalan mobil lain . payah ! touring kok pakai dikawal . cupu !",negative
gerindra alihkan rekomendasi ke agus an - tanri bali lamo : melalui,neutral
restoran raja sunda . makanan nya oke enaklah . kami sekeluarga pesan ayam goreng . gurame goreng dan usang galah bakar .,positive
semakin kamu membenci pak jokowi semakin kamu terlihat goblok !,negative
kalau pesan yang berbau keju . nanti pas datang pesanan piring itu seperti penuh dengan keju . mantaappp banget . karena setiap ke sini pesan nya pisang atau roti dengan berbagai toping dan pasti ada keju nya . saya coba juga nasi goreng nya . enak juga ternyata . mantaappp,positive
"letak nya memang agak di dalam . akses ke tempat ini jalan nya masih bebatuan , tapi bisa dilewati mobil . tempat ini didesain dengan bangunan khas jawa sehingga tempat ini terasa homey sekali . jika datang di hari minggu , akan ada live musik di sini . saya dan istri memesan nasi liwet dengan sate , rasanya enak . harga nya pun terjangkau .",positive
menyesal gua hemat hemat air di koran lu atas kegoblokan kamu pada,negative
"yue ke hotel yang di mongkok hongkong , tidak ada ! bulan juni lalu , saya booked dan sudah bayar untuk 2 kamar . tapi hotel tidak ditemukan",negative
"kafe ini cukup terkenal karena memang unik , tempat nya berkonsep seperti kayu-kayuan , makanan yang dijual pun tidak seperti kebanyakan tempat , ada bubur manado yang enak . harga nya juga cukup murah . kafe asi nya memang asik",positive
"kupat tahu gempol merupakan salah satu kupat tahu legendaris di kota bandung . tempat nya tidak terlalu besar tetapi cukup mencolok dengan warna merah nya di pertigaan pasar gempol . porsi nya pas banget untuk bunuh . ciri khas dari kupat tahu ini adalah tahu nya yang lembut dan kenyal serta kuah kacang nya pas di lidah , dipadu dengan lontong , tauge dan kerupuk merah . enak euy :",positive
"kios masakan oriental yang sederhana , tidak aneh-aneh , tetapi masakan nya sangat lezat dari zaman saya kuliah . meskipun tempat nya terhitung tidak besar , dekorasi nya unik , membuat kesan yang homy dan nostalgic . terakhir ke sini , saya mencoba lagi nasi hainan favorit saya . masih lezat . selain itu , sesuai nama nya , mi ayam di tempat ini juga mantap .. selain itu , tempat ini juga berposisi strategis ,",positive
"saya sering banget ke sini . makanan nya enak , harga nya terjangkau . menu favorit saya : udang bakar pedas dan tumis kangkung balasan rekomendasi . kepiting lada hitam nya juga lumayan enak .",positive
"itu maksud nya total 920 km , hasil dari pemerintahan sekarang ? ayolah pak jangan suka klaim sana sini , jangan suka menghilangkan sejarah bangsa . sejarah pribadi bolehlah bapak hilangkan . saya tidak yakin itu semua hanya karena bapak .",negative
"saya suka sekali atmosfer kampung daun . suasana hening ditimpali suara gemericik air terjun dan penerangan romantis dengan blencong dan lilin . meskipun jauh dari bandung tapi seimbanglah dengan suasana yang diinginkan . makanan nya enak , standar makanan sundalah . saya suka wedang ronde nya . malam-malam dingin bercengkerama sama keluarga ditemani wedang ronde dan pisang goreng . ada penampilan musik pada jam tertentu .",positive
malas,negative
"sengaja datang ke dusun bambu hanya untuk makan siang di burangrang restoran . suasana dalam restoran sangat menyenangkan karena kami berada di lantai 2 restoran . makanan nya pun sangat enak . rekomendasi soto bandung , pastel dan puding nya .",positive
"kursi banyak yang kotor , ac bocor , supir banyak berhenti tidak jelas , mengecewakan .",negative
kelihatan beliau ini ustad ilmu cetek .,negative
"angkat topi untuk anda , bung . saya salut . memang lama-lama isu pki ini bikin eneng , mau muntah . disuruh buktikan , tidak bisa . berkilah tingkat dewa . tetapi asik koar-koar terus pki bangkit , no pki , dan segala macam . mau bilang tidak senang sama pak de aza sampai berputar-putar bawa pki . pengecut .",negative
jual pembalut pergelangan tangan wrist band / wrist wrap - toko olahraga paser jaya tokopedia lewat,neutral
"tengok setya novanto di rutan kpk , deisti tumpangi mobil rheza",neutral
eci bukan bangsa indonesia ; eci adalah musuh pribumi dan muslim .,neutral
"baru di pekan lalu saya menemani seorang teman dari luar pulau jawa mengunjungi resto ini dan sengaja memilih menu dari bagian pastry - nya yaitu : pai ayam alias chicken pie . disajikan bersama saus sambal dan mustard , walau akhirnya saya minta saus tomat saja , pai ayam ini memang produk pasar - nya braga permai yang istimewa . rasanya enak karena daging ayam nya banyak , tekstur nya lembut .",positive
"kita jadi tahu , kemampuan ketua mpr plus ketum pan . ternyata setingkat anak sd , yang tidak bisa membedakan jobdeska nya . itu sungguh memalukan . partai penyebar isu bohong dan penolak uu ormas . 2019 mari kita tenggelamkan",negative
makan di tengah hutan dengan nuansa alam yang indah sekali . ditemani oleh suara gamelan sunda yang membuat kita sangat dekat dengan alam . tempat makan berupa saung saung traditional .,positive
"namun pagi ini saya lari pagi dengan sedikit kecewa , - ragunan sangat kotor , banyak sampah berserakan , sangat mengganggu pemandangan",negative
tidak tabah,negative
"aku sih tidak begitu tertarik dengan pertandingan nya . buat ku momen emosional nya justru pas diakhir . sedih saja melihat pemain-pemain liperpul nangis , kiper nya minta maaf sambil berlinang air mata . dia pasti menyesal sekali .",negative
"restoran yang romantis , bisa melihat pemandangan kota bandung yang bagus di malam hari . udara nya juga sejuk . makanan yang disediakan mulai dari masakan sunda sampai international . rasa makanan oke . harga tergolong mahal . penyajian makanan agak lama .",positive
"tempat favorit kami karena selain masakan yang lezat , pelayanan yang ramah , tempat nya pun nyaman . pemandangan yang indah , yang dapat membuat hati terhibur walau masih harus melanjutkan perjalanan yang jauh . untuk kantin , mungkin perlu ditambah barang barang kerajinan masyarakat setempat dan boleh diganti secara periodik supaya pengunjung bisa membeli kenangan-kenangan dari rumah makan ini .",positive
"tolong ya minimal , demi kemudahan nasabah agar di dalam stasiun tigaraksa diberikan mesin atm beserta iklan bank bni",neutral
"ejak berakhir nya orde baru yang dipimpin presiden suharto dan mulai nya periode reformasi , setiap pemilu di indonesia dianggap bebas dan adil .",neutral
"menyenangkan , makanan enak tapi ya pelayanan kurang , terlalu lama makanan yang dipesan , minuman juga enak enak",negative
"untuk yang kebingungan cari tempat makan waktu lagi kumpul bareng teman atau keluarga tapi punya selera yang berbeda2 , tempat ini direkomendasikan karena di sini menu nya lengkap . mulai dari makanan indonesia , makanan asia , westren makanan sampai yang bergaya eropa juga ada . turis mantan negara pun banyak yang berkunjung ke sini .",positive
"masakan di restoran ini , rasanya seperti melayang di udara dan bumbu nya selalu meresap di lidah . sangat luar biasa .",positive
"ditunggu saja , pasti dikasih . biasa maksimal seminggu kok",neutral
"memang kamu pikir ajaran kristen yang mengatakan orang-orang non kristen disebut domba sesat , itu tidak menghina ? coba deh sebelum kamu lompat pagar lebih jauh , cek dan analisa ajaran-ajaran kristen tersebut bukan hanya menghina , kristen juga memuat ajaran cabul yang tidak pantas disebut sebagai kitab suci",negative
tiba-tiba merasa tidak menyesal sama sekali plus bangga atas keputusan dan sikap yang sudah diambil karena tidak perlu lagi buang-buang waktu buat hal yang not even sepadan to di .,positive
"steak di sini cukup enak dengan wine yang mantap . udara sejuk , banyak pepohonan dan pemandangan yang luar biasa . kursi-kursi unik seperti di eropa zaman dahulu .",positive
"roti unyil , toko kue yang menyediakan berbagai macam roti / kue dengan ukuran cukup kecil , tetapi lezat sekali , sangat dikenal di bogor bandung",positive
"untuk makan sambil memanjakan mata dengan pemandangan yang indah dipakar kafe tempat nya menu makanan yang tersaji tidak jauh beda sih dengan kafe pada umum nya tetapi tempat nya ini yang bukan keren terletak di atas tebing teman hahhahaha mau makan saja harus perjuangan naik nya tetapi keren banget pemandangan nya , kalau mau datang pas tinggi season mending reservasi dulu biar tidak kena daftar tunggu .",positive
saya hanya membayangkan jika urban fpi hti berkuasa di negeri ini : legalitas bunuh bunuh bakar bakar terhadap yang tidak disukai akan jadi kenyataan .,negative
firdaus dukung suhartono calon wawli dari demokrat,neutral
jaksa enggan tanggapi soal jumlah uang diterima setya novanto,neutral
"di kopitiam oey braga ini kita dapat secara langsung melihat proses pengilingan biji kopi hingga menjadi bubuk kopi dan kita dapat memilih beberapa jenis kopi dengan aroma dan rasa yang berbeda , sangat cocok untuk oleh-oleh .",positive
masa ya harus datang ke gerai indosat dan komplain marah-marah di sana,negative
"waktu malam-malam sekitar pukul 24 saya ke sini untuk mencari makan . pelayanan cukup ramah , rasanya enak seperti di cabang kfc yang lain",positive
mobil toyota rush mengalami kecelakaan di ruas tol jomo jombang - mojokerto .,neutral
"sampai kapan pun saya tidak akan memilih orang pengecut seperti prabowo . menurut saya , dia tidak pantas memimpin negara .",negative
bagi penulis-penulis gpu yang berminat ikut serta dalam gerakan 4b bersama redaksi gpu pada tanggal 25 maret 2018 .,neutral
"ini kunjungan saya yang ketiga ke sapu lidi . maka saya akan memulai review saya dengan hal-hal yang perlu diperbaiki terlebih dahulu . saya dibesarkan dengan ajaran bahwa tempat / rumah seburuk apa pun harus memiliki kamar mandi / toilet yang bersih . terus terang , jika saya akan ke sapu lidi lagi , saya tidak akan menggunakan toilet nya . dinding toilet hanya ditutup semen , dan setengah terbuka sehingga beberapa hewan bisa masuk . saya jadi takut .",negative
"resto didesain menarik dan nyaman , makanan yang ditawarkan kebanyakan makanan nusantara . jika ingin mencoba soup buntut yang enak dengan tempat yang nyaman ya di sini . rasa dan harga sebanding , mantap dan oke",positive
dan akhirnya saya menyerah dengan indosat . paket internet yang kata nya murah tetapi hanya bisa bikin marah,negative
pernah percaya kalau body lotion citra bikin bulu tambah banyak,neutral
mobil terpopuler di uni emirat arab adalah toyota kijang innova yang sepenuh nya diproduksi di indonesia .,neutral
satu jerigen pengecer tembak 5000 perak bagimana bbm tidak langkah di tinambung polman . kacau ini,negative
aku memesan jaket gunung eiger,neutral
agaricpro merupakan produk herbal madu terfermentasi yang multikompleks khasiat nya karena merupakan kombinasi dari berbagai tumbuhan herbal,neutral
"rumah stroberi ini sangat luas dan enak buat nongkrong ramai-ramai sekeluarga . stroberi nya sih biasa saja ya . makanan juga standar sih tidak unik-unik amat . hanya enak saja tempat nya . bisa petik stoberi juga , hanya harus pesan dan pas lagi musim petik .",positive
seorang warga warakas mengaku menyesal pilih jokowi,negative
"saya mau tutup kartu kredit dari beberapa bulan lalu , nih .",neutral
"untuk yang suka pedas , pilih sambal domba . ayam bakar / goreng rempah nya enak . tahu yunyi bakar / goreng nya juga enak",positive
muka kayak cepot . di medan sudah ku matikan anak itu,negative
"hai , transaksi ini : 180604195019 sudah kami bantu remit , sedangkan transaksi ini : 170584351549 silakan kamu hubungi hubungan buka bantuan pada hubungan berikut .",neutral
fpi belum bubar ya . jika terus-terus buat rusa basmi majalah di nkri daripada pusing . kita ada penegak hukum,negative
dua mahasiswa unair tenggelam di pantai bantal,neutral
"saya mengikuuti lomba blog cinta rupiah bank indoneisa - net media dan sudah men - submit artikle pada 22 desember 2017 lalu , tapi sampai sekarang status artikel saya masih unpublished . mohon penjelasan nya .",neutral
jauhi narkoba adalah salah satu cara yang bisa digunakan untuk meningkatkan kualitas anak bangsa .,neutral
": dapatkan voucher pulsa rp 25.000 , - untuk dua orang yang beruntung setiap hari nya hanya dengan retweet bniquotes",neutral
menteri susi terima brevet kehormatan hiu kencana,neutral
"terletak di pusat kota , restoran ini hampir tidak pernah sepi pengunjung . saya sudah berkali-kali memilih tempat ini karena suasana yang sangat nyaman dan makanan yang enak . makanan yang paling saya suka di sini adalah grilled salmon nya . rekomendasi banget .",positive
"memang enggak enak terjebak macet , tapi lebih tidak enak lagi kalau terjebak masa lalu",negative
ya allah minggu ini masih harus lpm kenapa sudah ada feeling saja minggu ini akan terasa melelahkan,negative
"tidak bisa saya utarakan kebahagiaan saya saat ini , kemarin malam saya makan malam dengan seseorang yang sekarang sudah menjadi pacar saya , kita dekat lebih dari 4 tahun , dan baru tadi malam saya memberanikan diri untuk menyatakan nya . berkat pelayanan dan suasana dan juga bantuan mereka karyawan-karyawan the peak . pacar saya akhirnya menerima saya untuk jadi pacar nya . saya sangat merekondasikan tempat ini .",positive
demi apa pun gua ingin marah indosat cacat banget si,negative
"jika nantinya terdapat kendala lainnya dan ingin menanyakan seputar tokopedia , jangan sungkan menghubungi kami kembali .",neutral
pangeran hyang manda agung dari sancang,neutral
"rekan nya dibui , anggota fpi satroni mapolresta bekasi -",neutral
"senang sekali bisa petik stroberi sendiri , stroberi nya pun banyak dan matang . meski mahal , tetapi puas . : pelayan nya pun ramah dan baik . syarat untuk petik stroberi : harus beli paket makan untuk 4 orang , 130 ribu - ayam goreng nasi , 150 ribu - gurame goreng nasi stroberi yang dipetik bayar 10.000 / ons",positive
"makanan cina yang layak , porsi besar , staf cepat , tapi lambat dalam memasak , meskipun tamu tidak banyak . harga mahal . namun , mereka sangat menjaga kebersihan .",positive
"memiliki konsep restoran yang sesuai dengan nama nya , dengan cara meceritakan perkembangan jalan braga di setiap sudut tembok nya . restoran ini menyajikan menu-menu handalan khas bandung . buat lidah saya , makanan di sini sangat enak karena bumbu nya yang pas dan orisinil .",positive
susah payah selfie demi si samsung galaxy . yang penting usaha dan tetap bernyanyi,neutral
"cek apakah berlangganan konten tertentu dengan tekan 123 44 ya kak , jika butuh bantuan bisa mention tim juga ya",neutral
yuk ikutan kejutan retweet bniquotes berhadiah pulsa masing-masing . 25.000 untuk 2 orang pemenang setiap hari nya,neutral
"resto ini suasana nya cukup nyaman dengan layanan nya yang baik . tersedia berbagai menu masakan seafood berbahan dasar kepiting , udang , kerang , bawal dan kerapu . udang goreng mentega rasanya enak dan mantap . udang asam manis rasanya manis dan segar . kepiting saus singapore rasanya sangat mantap . rata-rata masakan nya enak dan mantap .",positive
saya sudah punya kode akses dan pin,neutral
macet bet bikin pusing,negative
makmur,positive
"meski baru pertama kali terjun ke piala dunia , traveloka berani menjadi satu-satunya sponsor dari indonesia pada piala dunia 2018 di rusia .",positive
"ah payah banget manchester city bisa kalah begitu dikandang -- memang tim cupu liga champions . diliga doang jago , memalukan inggris saja .",negative
banyak tingkah anjing . kesal saya melihat nya,negative
aduh sangat memalukan . mengaku umat islam tapi yang keluar dari mulut nya kotoran ! ini gara-gara faham new khawarij yang sudah menyelusup ke sebagian umat islam kalangan yang kurang ilmu .,negative
"restoran kedai nyonya rumah berada di tengah kota , tidak jauh dari jalan riau . sehingga bagi yang berkunjung ke jalan riau setelah lelah shoping , bisa mampir mencoba makanan di sini .",positive
"saya sarankan ke teman-teman , daripada tim pun pelayanan pelanggan lewat 185 / 186 , prefer ke sini saja lebih cepat .",neutral
putin sarankan rusia dan jepang sepakati perjanjian damai,neutral
"menyakitkan adalah ketika gue cemburu sama lo , tapi gue cuma bisa mendem . :",negative
"sebusuk-busuk nya pemimpin yang beragama islam , itu lebih layak dan lebih pantas daripada pemimpin non islam .",negative
"gerindra , partai pki zaman sekarang . pendana mca atau saracen . pemecah nkri . jualan agama dan mayat walau ketum nya tidak bisa ngaji . muslim kah ?",negative
calon pelamar cpns hanya dapat mendaftar di 1 instansi dan 1 formasi jabatan,neutral
restoran sunda yang memiliki konsep makan di sawah . pemandangan nya seperti di desa . makanan nya enak,positive
aku mau cemburu juga sapu nya hak,negative
"resto makanan barat dengan harga kaki lima , ditambah pemandangan alam yang indah , suasana yang romantis , asal jangan hujan , karena di teras dibiarkan terbuka . resto favorit keluarga saya .",positive
semenjak jokowidodo pki anak keturunan anjing ini menjadi presiden . semakin banyak cina-cina anjing komunis itu memasuk narkoba ke dalam nkri . dasar mamak dan isteri kau pelacur pki anjing,negative
"menang di pulau jawa , ppp yakin suara nya di 2019 terdongkrak",neutral
aku bangga net tv selalu menghadirkan program-program tv yang berkualitas,positive
"lokasi nya berada di pvj tepat nya di dekat fitness celebrity . seperti calais pada umum nya , tempat nya bersih dengan desain alan - ala kafe . favorit saya di sini adalah bule yang meletus-letus .",positive
"kami sekeluarga kalau ke bandung pasti selalu menyempatkan diri untuk makan di kampung daun , meskipun kadang menunggu lift nya lama kami tetap ingin menikmati makanan di kampung daun . menu andalan kami di sini ayam bakar dan nasi bakar , wedang jahe , pisang goreng coklat keju , sayur asam banyak lagi sih yang enak di sini .",positive
"ahmad dhani suka-suka - an ikut-ikut politik , mengerti juga tidak .",negative
"terima kasih atas jasa nya , saya sangat puas , pelayanan nya sangat baik dan ramah , pendamping nya juga keren , menyenangkan .",positive
. pokok nya kurang kurang afdol kalau ke lembang atau ke bandung tidak mampir ke sini . 4 humas naik buat kampung daun .,positive
menyesal beli first press regular karena isi photobooka nya alur seperti jodoh,negative
"saya datang ke sini karena penasaran melihat beberapa ulasan dari trip advisor . pelayanan nya baik dan ramah . mereka cepat tanggap saat kami memerlukan . namun sangat disayangkan kenapa makanan nya lama sekali datang , setelah setengah jam kemudian makanan yang kami order baru datang , untuk minuman datang nya malah setelah makanan datang duluan . harus nya kan minuman nya dulu .",negative
"untuk perihal pergantian rekening untuk pembayaran autodebet bpjs , bpk luqman bisa datang ke kantor cbg bank mandiri pengajuan autodebet tersebut ya untuk dapat dilakukan pemberhentian terlebih dahulu .",neutral
"bisa melihat bandung dari sini . pemandangan nya benar-benar juara . makanan nya jempol 4 tangan sama kaki , jadi enak dan so deliciosooo",positive
aku suka nasi goreng . setiap hari makan nasi goreng aku tidak akan bosan,positive
"silakan ku njungi kedai kita buat yang kemarin cari handphone advan , xiaomi redmi 4a dan nokia 150",neutral
mati lho ahli zon munafik kau . maka dari itu jangan sok bersih . kau sudah tidak ada harga nya di mata rakyat banyak mengoceh macam burung ku kelaparan,negative
"ini satu-satunya tempat makan masakan padang yang mantap ! tidak ada dua nya . di padang asli nya pun tetap kalah sama bu mus . juara ! favorit keluarga . buat saya semua macam masakan nya memiliki khas masing-masing . bahan , rasa , dan pengolahan semua lewat ! . tidak bosan deh makan di sini .",positive
toko kami menjual ikea tokig pengering sayuran - salad spinner - magic Jakarta,neutral
"ada yang minat album winter exo ? 215k masih sealed 1st press , dapat 2 poster , dan dapat limited postcard dari dengan . minat pesan langsung aku ya hehehe foldedhands",neutral
paris van java tempat cuci mata yang menyenangkan banyak toko-toko di sini mau cari apa saja ada di sini . setelah lelah kita bisa menikmati makanan di restoran yang banyak tersebar di pvj . tempat nya enak untuk bersantai dengan keluarga,positive
jutek banget deh karyawan indosat yang di graha indosat,negative
suasana perbukitan yang segar ditambah varian hidangan yang enak memang pas dinikmati di udara terbuka . pelayanan nya juga ramah .,positive
"hati-hati , ini adalah trik mereka untuk menutupi korupsi mereka .",negative
sudah pernah ikutan lelang di dan pernah menang . barang nya memang bagus sih gila . salut sama admin nya,positive
"ya itu mbak , mie nya itu kelembekan , aneh rasanya",negative
tolong dicarikan driver baru triliun - gr12290397000,neutral
creamy cheese pizza nya enak . tiramissunyaa juara dicoba ! harga nya lumayan terjangkau karena dekat kampus mungkin .,positive
baik terima kasih banyak,neutral
kasau terima kunjungan dirut bni di mabesau,neutral
"batagor kingsley batagor paling enak di bandung . apalagi kuah nya yang sangat lembut dan hangat . seporsi tidak cukup , perlu dua porsi . rasa ikan nya sangat kuat dan cukup mengenyangkan sebagai menu utama makan siang , jadi tidak masuk kategori cemilan .",positive
kali ini cukup belanja rp . 60 ribu di homecarealfamart bisa tebus minyak goreng cuma gopek,neutral
dapatkan hardisk dengan harga promo untuk setiap pemesanan jasa isi hardisk penuh 1 tb,neutral
jangan tertipu pencitraan pak jokowi dengan tidak mau tanda tangan uu md3,negative
jual stiker kompor 2 tungku hello kitty,neutral
aku buka grab . tidak ada satu pun grab driver yang online karena tengah malam .,neutral
"makanan nya enak , pemandangan dari restoran juga sangat bagus , udara nya sejuk sekali , bagus pelayanan . cocok untuk santai pada saat sore hari .",positive
"nyaman , bersih , makanan yang enak , dan sejuk ! saung-saung yang nyaman lengkap dengan bantal dan guling , suara air mengalir juga alunan musik sunda . selain tempat dan makanan yang enak , yang berkesan dari tempat ini adalah petugas toilet yang sangat ramah . :",positive
makan di sini jangan pas makan siang . antre nya . makan pakai piring seng . ada kue balok minuman makanan zaman dulu juga ada . rute makanan standar sih . standar banget .,negative
"banyak sekali warung makan di kota bandung , namun , warung ibu imas ini memiliki ciri khas yang tiada dua nya , yaitu sambal nya yang luar biasa pedas . bagi lidah orang sumatera atau minang cocok banget untuk dicoba , warung ibu imas menyajikan berbagai macam lauk pauk yang bisa di santap dengan harga yang relatif terjangkau .",positive
"jual aneka minuman dan jus juga . favorit aku sih beli jus pisang , jus pisang nya dicampur pakai susu coklat kental manis begitu , jadi lebih enak .",positive
"saya mengunjungi rumah stroberi di bandung pada selasa siang , 02 jun 2015 . akses masuk ke tempat ini cukup mudah sebab disediakan petunjuk jalan ke lokasi ini di jalanan . selain tempat makan juga ada kebun stroberi dan wahana mainan yang sedang dibangun . kebun stroberi hanya dibuka sampai siang . tempat parkir juga luas . rekomendasi untuk bermain di tempat ini .",positive
tempat nya santai . menu mie nya banyak macam nya . jadi harus datang ke sini lagi supaya bisa dicoba semua .,positive
order online shop dengan gosend jadi lancar tanpa ribet mengantar,positive
"islam itu sama sekali bukan rahmatan lil alamin tapi la natan lil alamin . ajaran nya berdarah-darah : potong tangan pencuri , bunuh orang murtad , bunuh lgbt , rajam pezina , perangi kafir .",negative
pan yakin bahwa hasil pilkada akan berpengaruh ke pilpres .,neutral
makana nya enak . harga nya juga tidak terlalu mahal . wajib coba sanwich andalan mereka yang tengah nya ada telur nya . enak sih . untuk mi benang nya juga lumayan kok,positive
"keren banget tempat nya . apalagi buat kongkow . beda dengan tempat / restoran yang lain karena berada di lantai 18 trans hotel . dibagian luar restoran , ada lantai kaca transparan . kita bisa lihat suasana di bawah . bikin ngeri sih tapi menyenangkan . bisa buat uji nyali apakah kita takut ketinggian atau tidak . untuk rasa makanan nya , oke banget rasanya . baik yang menu lokal ataupun makanan barat . top .",positive
"sinergi bni - kementan - tni penyaluran kartu dan kur tani menuju ketahanan pangan nkri . hilangkan sistem ijon , perangi rentenir , lindungi petani .",neutral
"atmosfir yang menyenangkan , yang terpenting membuat nyaman anak anak . menu pun cocok untuk anak anak .",positive
"kangkung hotplate sapi nya sebenarnya enak . tapi kami kaget melihat tali rafia dalam makanan kami . ketika dikomplain , tidak ada permintaan maaf sama sekali , hanya pembelaan . bahkan kami membayar satu porsi penuh walaupun pesanan kami dengan jelas tertulis setengah porsi .",negative
prabowo harus nya lihat animo masyarakat . segera lengserkan si fadli jika ingin suara gerindra tidak merosot di 2019 .,negative
gelisah,negative
voucher isi ulang kuota data tri 33 gb 30 hari harga nya 75 rb,neutral
"pertama kali saya menemukan menu burung puyuh di moi dan langsung mencoba nya . bahkan sempat ngobrol dengan pemilik dan franchisor nya . mereka sangat ramah dan menyenangkan . saya coba yang direkomendasikan yaitu puyuh perancis cabe rawit dengan nasi merah . pedas nya enak sekali , tetapi daging nya kurang empuk sedikit . rasanya agak mirip dengan burung dara , tapi besar . mungkin bisa dicoba sensasi baru .",positive
bni life melakukan renovasi pesantren dan madrasah di tasikmalaya,neutral
cinta deh sama lucinta luna orang nya baik dan ramah,positive
terima kasih ya sudah sabar mendengar bacotan aku walaupun pada akhirnya kamu bosan dan menyerah,negative
"pertama kali ke sini pas valentine , dari dulu memang sudah masukkin coco rico ke daftar buat dicoba . akhirnya ke sini juga , suasana nya memang mendukung banget apa lagi malam dan enak nya di lt 2 di ujung yang mengarah ke jalan . pelayanan memang sudah oke , cuma tidak suka saja sama makanan nya dari segi rasanya sih . sebenarnya harga nya juga terlalu mahal buat saya .",negative
"supaya adil , bikin saja patung aisyah cilik lagi ngangkang di depan masjid istiqlal , nabi muhammad kan doyan pepe anak kecil",negative
duh orang-orang dari gerindra tidak ada yang beres . anies dipecat dari menteri . fadli zon koar-koar tidak jelas .,negative
jual boneka kucing tidur alas lingkaran di lapak pito ch pitoch,neutral
panwaslu bekasi tangani dugaan politik praktis tiga pejabat daerah,neutral
pilkada ulang di sampang digelar 27 oktober,neutral
"tempat nya bagus buat foto foto , dan sejuk lagi udara nya , tapi jangan coba coba makan di situ , sudah harga nya mahal , tidak enak lagi , menyesal deh",negative
"makin terang , arah dukungan pdip ke ben brahim - nafiah - kalamanthana",neutral
jangan pilih jokowi di pilpres 2019 ! dia itu berpihak pada etnis cina !,negative
2 hari yang lalu saya sengaja ingin mencoba resto dapur pandan wangi bersama istri saya pada saat memasuki parkiran di depan saya ada motor yang akan parkir dan dibantu dengan biasa oleh tukang parkir nya saya sempat tertahan di area prkir karena sedang menyapa teman saya yang kebetulan sudah sampai di lokasi .,neutral
sby : jangan sesekali mengancam dan mengkriminalisasi partai demokrat,neutral
"indihome memang tidak beres , bayar mahal tetapi fasilitas 0",negative
"kemarin memesan bakau goreng , harga 23 ribu isi 3 , seperti kulit pangsit dengan isi kucai dan ayam , dicocol pakai saos , untuk rasa lumayan enak , tetapi porsi nya kecil . mesen kwetiau penang pedas dan mi penang pedas , harga 35 ribu , sama bumbu tapi beda mie nya saja untuk rasa enak , porsi lumayan kenyang .",positive
"jadi . saya lapor dan penasaran png makan di sini . suasana nya oke , adem , meja dan kursi nya mengingatkan meja kursi waktu sampai dengan . pertama pesan berjalan mulus , suara mas-mas nya kecil sekali ampun deh tidak jelas bicara apa blubup blubup begitu haha saya memesan mi ayam 2baso ekstra , pacar saya memesan bakso urat soun . tidak lama datang pesanan pacar saya dan ternyata tidak sesuai ekspektasi .",negative
"makan di sini karena iseng , sudah mendekati jam 12 malam . walaupun hampir tengah malam , tetapi suasa nya masih ramai . padahal hari senin . untuk yang tidak mau makanan terlalu berat , pilihan nya banyak . ada roti bakar , indomie mi instan , pisang bakar . dan masing-masing menu tersebut tersedia banyak varian bisa di-browse sendiri untuk menu pilihan nya , karena saya tidak sempat memfoto nya hehe .",positive
"nyobain es durian ndeso dan serabi durian keju , untuk rasanya masih kalah banyak , rasa duren nya kurang enak dan tidak manis , es duren nya kebanyakan es batu , serta kualitas duren nya kurang , kalau menurut saya berlebihan harga untuk apa yang disajikan dengan apa yang harus saya bayar , think twice to be there lagi",negative
indosat kampung !,negative
"baru setelah itu hasil merger yang bukan merger karena kasus beda dengan merger bank mandiri , cth : bidang konstruksi ada adhi karya , waskita karya , hutama karya , wijaya karya , nindya karya , pembangunan persero digabung menjadi satu dengan dipimpin oleh adhi karya .",neutral
teman ku juga banyak yang bekerja di bukalapak,neutral
prabowo bocorkan sedikit hasil pertemuan nya dengan partai koalisi,neutral
diragukan,negative
demokrat ungkap ketakadilan aparat penegak hukum di pilkada 2017,neutral
"saat menteri susi diserang jusuf kalla dan luhut , gus mus tampil membela",neutral
kita pesan beberapa makanan dari makanan berat sampai pisang goreng . pelayan nya cepat dan hangat . kita pilih dilantai atas dekat stage live musik . tempat nya dibuat agak temaram jadi lebih romantis . enak deh pokok nya,positive
"saya pertama kali ke sini dengan suami ketika valentine kemarin . doi mengajak makan malam di puncak , dan setelah searching tempat , pilihan saya jatuh di sierra kafe . ketika sampai , kafe sudah mulai penuh , untung kami sudah pesan 2 hari sebelumnya , kami minta tempat duduk di luar ruangan , menghadap pemandangan kota bandung di malam hari . saya dan suami puas dengan pelayanan di kafe ini .",positive
supir gocar datang dari luar kota ke jakarta untuk poin gocar .,neutral
guru tapi kelakuan kayak sampah,negative
"makanan nya enak , suasana nyaman . harga bisa dibilang sama dengan tempat lain . restoran ini ada 4 konsep tapi yang paling terkenal menu jepang nya yang enak loh",positive
menteri pendayagunaan aparatur negara dan reformasi birokrasi menyarankan untuk segera melaporkan aparatur sipil negara yang tidak netral .,neutral
telkom memberi klarifikasi terkait script penambang bitcoin bukan milik uzone.id,neutral
"arah menyesal tadi beli seblak nih . tahu begini mah akan beli nih . terbangun , dan terus perut sakit banget anjing",negative
"salah satu makanan ringan otentik dari korea selatan . rasanya enak , unik dan masih bisa diterima lidah orang indonesia . ada ayam , topoki , tots . harga nya memang cukup mahal dan porsi nya tidak terlalu banyak , tapi ya lumayanlah buat mencoba sekali kali",positive
"harus nya makanan ditutupi dulu , kebersihan jadi kurang , penjual maupun pembeli bisa berbicara di atas makanan , yang mana makanan jadi tidak higienis . pelayanan nya agak lama",positive
"hikmah nya natal 2017 tree tidak ada sweping , larangan mengucapkan selamat natal sepi , fpi mendadak moderat dan penuh toleransi , sampai mau dukung natal 212 d monas , semua karena gubernur nya , untuk jakarta aman , jadikan anies tidak benar seumur hidup .",positive
"sesuai nama nya , restoran ini unik dalam menyajikan makanan nya , yaitu memakai piring beralas daun . cara antre memilih makanan nya juga unik , karena calon makanan dijejer , tamu bisa memilih dan nantinya akan dimasak kembali sampai matang . makanan yang disajikan lebih seperti makanan rumahan jawa / sunda . dari segi jenis makanan maupun rasa , tak ada yang istimewa .",negative
"buat penyuka daging babi , makan mi dengan daging babi yang diolah di bakmi aloi bisa dipikirkan untuk dicoba . tetapi perlu diingat , mie nya adalah mi jadi yang boleh beli , bukan bikin , jadi untuk rasa mi , sepertinya bisa diabaikan . rasa dan tekstur daging babi nya , baik babi chasiu atau babi kecap , boleh masuk daftar menu enak .",positive
saya membenci suporter persija,negative
rasa sudah berubah tidak seperti dulu . terkesan hambar . harus di tingkatkan cita rasanya . untuk menu minuman sangat minim hanya ada soft drink,negative
saya tidak senang dengan produk dari tokopedia,negative
"sensasi makan dengan alas daun pisang , dengan enak nya cumi bakar dan tempe mendoan yang gurih , serta sambal yang menggugah selera . memang mantap",positive
itulah goblok nya pak say . sudah digebukin dan ditendangin sama prabowo yang sinting otak nya masih mau menyembah kayak tidak punya harga diri .,negative
bidang lo bukan di dunia politik oon !,negative
ahy berharap bahwa pilkada akan mencetak para pemimpin yang berintegritas .,neutral
pengadilan tipikor gelar lagi sidang setya novanto,neutral
tidak malas,positive
"tadi pas makan malam saya ke sini , suasana restoran ini nyaman banget . saya mencoba nasi babi nasi putih 1 porsi , telor mata sapi setengah matang , kornet maling , lap chiong , ke kian , crispy sam can , sayur hijau , sambal rasanya secara keseluruhan enak . saya pesan minum lemon tea , lemon tea - nya segar rasanya . bbq pork rias nya , bumbu nya menyerap ke daging nya , rasa blackpepper nya kuat . sate samcan : rasanya sedikit pedas , garing .",positive
presiden jokowi tinjau pelatnas asian para games 2018 di sukoharjo,neutral
"nyesek banget sih orang tua menabung puluhan juta buat sekolahin anak di ui , tidak tahu nya cuma dapat dosen sampah begitu . kelewatan",negative
"cocok menjadi keluarga restoran . menjadi opsi dari berbagai kafe yang ada di seputaran jalan . progo , giggle box akhirnya menjadi pilihan kami karena jam buka yang lebih malam dibanding kafe di sekitar nya .",positive
"puding raja hanya ada saiz l amp ; xl , penghantaran melalui grab ke seluruh kawasan lembah klang . harga ? private message saya .",neutral
gus mus bela dan doakan menteri susi pudjiastuti via,neutral
demokrat bongkar intervensi aparat dalam pilkada,neutral
oh pantesan dipecat dari menteri . sudah ada kjp kok ngapain kip . mengajarkan rakyat jadi rakus ini anies .,negative
ketua dpr harap pilkada serentak 2018 bawa kesejahteraan,neutral
coba gubernur nya bukan pak ganjar pranowo yang dari pks . pasti sudah beres masalah banjir itu . memang partai yang menghasilkan pemimpin sampah .,negative
bakar mati saja sekeluarga .,negative
saya kq tidak baca klaim nya sprti itu ? parah saat ini meneruskan pekerjaan pendahulu nya . mewujudkan rencana itu lebih berat dibandingkan membuat perencanaan nya . dan itulah yang dilakukan pak jokowi yang tidak pernah bohong soal janji .,positive
"kita dapat mengajukan permohonan pengembalian dana di salah satu stasiun yang ditunjuk pt . kami , selambat-lambatnya 30 menit sebelum keberangkatan .",neutral
"datang ke tempat ini selalu penuh , batagor nya rekomendasi , hampir semua mobil plat b : apa . but it s sepadan to tunggu .",positive
"saya gunaka bb tipe 9210 , saya mendapat info sejak kemarin , dikenakan biaya gprs .",neutral
"kopi nya enak , orang orang nya ramah . senang berada d sana yuk merapat ke kopi kelenteng",positive
"mengapa poor ? dulu waktu saya makan di sana , interior belum bagus , parkir juga susah , rasa makanan semua manis termasuk sayur asem nya .",negative
positif,positive
pakai laurier double pas mau tidur saat menstruasi biar tidak bocor,neutral
"saya hampir setiap minggu rutin ke duta . bagi saya pribadi bubur di tempat ini adalah bubur terenak di bandung , apalagi jika dicampur dengan sambal dan bawang goreng nya . harga menu nya pun sangat murah",positive
"martabak ini sepertinya lebih cocok disebut pancake . rasanya oke , dengan manis yang pas tidak terlalu manis sehingga membuat enek . namun jangan mengharapkan tekstur lembab ala martabak manis , karena seperti nama nya tekstur nya memang seperti bolu . karena itu juga , martabak tetap enak dinikmati saat sudah dingin , dan bahkan awet disimpan selama beberapa hari di suhu ruang . harga nya relatif mahal apabila dibandingkan dengan yang lain . hehe . cukup sekali saja deh saya beli .",negative
"tepat subuh hari ini kami ke warung ini jelas ingin mendapatkan dan mencoba serabi khas ini , dari awal pelayanan lumayan baik , tapi karena keadaan yang ramai sedikit sulit mendapatkan tempat , akhirnya tunggu tidak sampai 15 minimal kami mendapatkan tempat , tetapi ternyata setelah menunggu lama pesanan kami belum datang juga , kira satu jam an kami duduk di sana dengan keadaan asap rokok yang banyak .",negative
ini komikus bayaran bukan sih ? untuk keperluan politik 2019 ya ?,negative
tempat makan yang benar-benar asik buat traktir teman kalau kamu lagi ulang tahun hehe . ya kalau harga sih relatif hanya ya kalau makanan nya benar-benar puas banget deh !,positive
"jual blue daily half time by alexia hanya rp 8.500 , pemesanan klik",neutral
"eksepsi ditolak , setya novanto akan jalani sidang e-ktp 2 kali sepekan senin - kamis",neutral
mau marah sama indosat sudah dua hari sinyal gini banget,negative
"ahok dapat remisi , fpi : kami melihat ada ketidakadilan",neutral
indosat itu bikin gue marah marah terus,negative
"waktu datang ke sana melihat pilihan menu nya banyak sekali rasa nyata ini pas nyobain juga rasanya enak yang makanan thailand tea , lemon , sama yang berat bila bila bola itu enak",positive
"say rada-rada , nih , malah melindungkan demis biar rumah demis tidak perlu digeledah , say lagi cari muka biar dapat banyak dukungan , kali , ya .",negative
achmad - nurzahedi maju pilgubri 2018 diusung demokrat dan gerindra,neutral
telkomsel saya marah karena lamban sekali penanganan dari pelayanan pelanggan,negative
"kalau mau ke sana jangan pas malam sih , soal nya bakal menyesal tidak bisa melihat pemandangan yang indah banget , aku pas ke sana waktu itu malam jadi menyesal banget karena tidak bisa melihat pemandangan yang seru-seru , cuma melihat lampu lampu saja :",negative
dari tadi tidak ngeload mau pesan gofood,neutral
"tak setuju kebijakan nya , ppp minta menteri susi dituntaskan",neutral
"diajak teman untuk mencoba restoran ini saat makan siang , karena tempat nya luas maka meja yang tersedia pun banyak jadi tidak harus menunggu , padahal saat itu yang datang banyak juga . kami memilih duduk dekat tempat menyajikan makanan-makanan nya prasmanan , di sini kita bisa langsung memilih makanan apa saja yang mau kita pesan , seperti restoran-restoran sunda kebanyakan .",positive
"bakmi nya tebal dan kenyal , mirip karet . selain bakmi , ada menu lain juga seperti bihun dan kwetiau . selain itu , ada makanan sampingan juga seperti bakso tahu dan sui kiau .",positive
"selain pasar senen blok iii dan pasar rakyat , gubernur dki jakarta anies rasyid baswedan juga meresmikan secara simbolis empat pasar rakyat lainnya , yaitu pasar sinar , pasar bidadari , pasar cawang kavling , dan pasar karet belakang karbela .",neutral
"pajak , kak , mau minta nomor efin , sebelumnya sudah aktifasi , tapi lupa password akun djponline ,",neutral
jumat malam bandung selalu macet banget,negative
"sambut tahun 2018 , sby akan pidato politik di cibinong",neutral
"homy banget suasana nya . makanan nya banyak banget ragam nya . menyenengil melihat nya . yang paling top memang tahu gejrot , paru sama burung puyuh nya . harus dicoba menu .",positive
"stasiun tv payah , tidak konsisten , mengecewakan pendukung persib - persiba , tidak berprikemanusiaan ! payah , dan cupu !",negative
saya kecewa dengan sikap pemerintah yang hanya memikirkan kebutuhan sendiri .,negative
"yang terhormat ini kenapa saya dapat sms begini terus padahal data off lho , pulsa saya juga terpotong ini",negative
"resto yang mempunyai pemandangan halaman rumput yang rapi , tempat parkir yang luas , makanan yang enak dan servis yang baik . rekomendasi .",positive
"kami beberapa kali makan di tempat ini , harga nya memang relatif murah , untuk yang makan banyak di sini sangat cocok karena nasi putih bisa diisi ulang dengan gratis , demikian juga untuk minum air teh . untuk cita rasa ya lumayan enak .",positive
"makanan enak dan bervariasi dengan pemandangan bukit yang bikin damai di hati , rasanya betah berlama-lama duduk sambil mengobrol ngalor ngidul",positive
"tempat makan yang sangat romantis apalagi bila malam hari . suasana nya sangat dingin , makanan nya pun enak rasanya , poko nya direkomendasikanlah buat dikunjungin dengan pasangan .",positive
"kita akhir pekan ke sana . sesak dan antre . beli voucher makan dulu . dari beberapa makanan yang kita coba , mahal dan tidak ada yang enak . habis itu sisa voucher tidak bisa diuangkan kembali , padahal sebelumnya tidak diinformasikan . menyebalkan",negative
"paketan saja pada mahal jaringan seperti sialan , sebelum memberi harga paketan jaringan dulu noh perbaiki sialan , tidak nyaman gue main permainan juga dikasih jaringan ya gitu mah",negative
giri kiemas unggul di pilkada sumsel versi charta politika,neutral
"makanan yang tidak mahal dengan rasa yang terjaga dari dulu hingga sekarang , serta pelayanan yang cepat . hanya saja tempat kecil dan sesak . tapi tidak apa-apa dibandingkan dengan rasa di lidah dan kenyang di perut . makan siang tempat ini ramai . favorit saya : es peuyeum dan nasi bakut . bila ingin cepat dilayani , pesan langsung ke pelayan yang hilir mudik .",positive
"warung nasi ampera di jalan . soekarno hatta adalah cabang nya yang terbesar di bandung . tempat duduk nya banyak , tempat parkir cukup luas . di sini kita dapat memilih dan mengambil sendiri makanan yang kita inginkan , bayar di kasir , lalu makanan akan digoreng / dipanaskan kembali . harga makanan cukup murah . rasa cukup enak . sambal nya pedas , cocok dimakan dengan ayam goreng , ikan goreng , atau lalapan .",positive
"hanya menang di 4 pilgub , saat nya pdip mengevaluasi megawati",neutral
pbb diizinkan beroperasi di rakhine myanmar,neutral
mobil yang sehari-hari di pakai jeje adalah merk toyota dan berwarna cream .,neutral
"terindah , terindah , gerrrrobak prabowo mendingan pindah haha gih prabowo caw saja salah",negative
"walaupun cukup berli ku untuk sampai ke tempat ini tapi terbayarkan dengan suasana sepi , tenang dan juga suasana udara dataran tinggi nya , yang kebetulan saya biasanya kalau makan di luar pasti pas hari kerja karena biar tidak terlalu ramai tapi ya minus nya tidak ada lift musik . untuk makanan nya cukup enak dan kelurga saya pun cukup menikmati nya .",positive
pemandangan bagus makanan cukup enak romantis arsitektur menarik pelayanan baik letak nya agak tersembunyi kelas menengah,positive
"saya cup menjual aneka bubble tea . mereka menyajikan banyak variasi , tapi untuk soal rasa , biasa saja . tidak ada yang istimewa .",negative
muslim meyakini batu hajral aswad jatuh dari surga . bagaimana bisa surga bolong sampai batu bisa jatuh ?,negative
trauma kena macet . gegara kemarin bandung - bekasi 10 jam,negative
tempat nya enak buat santai-santai tunggu waktu . tempat nya teduh banyak pohon rindang . tapi buat makan nanti dulu . banyak makanan yang tidak siap diini . spagheti menunggu 1 jam . siapa yang mau menunggu makanan 1 jam buat makanan biasa seperti spageti yang tersedia 30 detik di fastfood .,positive
"di stasiun belakang , di terminal yang banyak angkot nya , tidak susah untuk menemukan tempat makan ini . sate akan dibuat begitu kita pesan . diiris dari potongan daging yang masih segar dan langsung dibakar . daging nya empuk dan gurih . tanpa bumbu pun sudah enak , apalagi kalau dicocol ke bumbu nya .",positive
bone bolango ikut gelar wcd,neutral
pkb disebut kalah telak dari ppp di pilgub jawa .,neutral
"produk nya bagus bagus kok . kualitas barang nya bagus bagus , apasalah nya belanja di sana",positive
ketua dpc kota bogor enggan mengomentari pengusungan dan dedie rachim .,negative
tidak setia,negative
masalah pencegahan gubernur dki jakarta anies baswedan pasti ada kaitan nya dengan politik ? tidak mungkin tidak ada . ada yang tidak senang dengan beliau .,negative
